id,name,place_id,rating,user_ratings_total,website,phone,types,status
7098,"Hancock-Smith Pediatric & Behavioral Health, LLC",ChIJ60KSfxqx6IgRUrW1GKBPolc,3.7,3,http://hancocksmithpediatrics.com/,(386) 518-6006,"health,point_of_interest,establishment",success
5832,NEW CREATION HOMES AND SERVICES,ChIJxS7eoR6k6IgRwMdbtvqqFBI,5,1,,,"church,place_of_worship,point_of_interest,establishment",success
6066,UNIQUE CARING OPPORTUNITIES INC.,ChIJI9QubSO36IgRVgBgYPRxnIE,,,https://www.ucopportunities.com/,(386) 418-0103,"health,point_of_interest,establishment",success
6390,ANGELIC COMPANION SERVICES,,,,,,,not_found
9377,"Can Do Therapies, Inc",ChIJaW4JSUxx54gRViDYcyE0TNY,4.6,24,http://www.candotherapies.com/,(407) 865-5642,"health,point_of_interest,establishment",success
9505,"Dr. Daniel Komforti, PT, DPT",ChIJL0rIBJtmvKMR14kU2KUP6KI,5,299,https://www.corevaluesptorlando.com/,(646) 753-3106,"health,point_of_interest,establishment",success
8885,NDS & MORE LLC,ChIJZfQtBZZ554gRxIECBwLxI0I,5,2,,(407) 291-8008,"general_contractor,point_of_interest,establishment",success
9643,Orlando Sports Medicine - Altamonte Springs,ChIJ4w_TCJNx54gR1galZmnPLAQ,5,163,https://www.orlandosportsmedicine.com/,(407) 332-7816,"physiotherapist,health,point_of_interest,establishment",success
8919,RAINBOW GROUP HOME INC,ChIJ01MTTcNId4IRM9sEdWUsZck,3.7,3,,(888) 243-4217,"point_of_interest,establishment",success
9304,"The Neuro Hub, LLC.",ChIJE3Vrls1z54gROIJbL2RnstE,4.9,25,http://theneurohub.com/?utm_source=google&utm_medium=wix_google_business_profile&utm_campaign=10859946072003835562,(407) 900-1818,"point_of_interest,health,establishment",success
6085,"LEOTAUD JOAN W
BERYL'S PLACE, INC",,,,,,,not_found
6509,AMORE AT HOME LLC,,,,,,,not_found
9351,Apollo Beach Therapy Center,ChIJE8FlL3LZwogR2G2o_H7tpNE,5,9,https://www.apollobeachtherapycenter.com/,(813) 252-1608,"health,point_of_interest,establishment",success
10349,COASTAL CARE RESIDENCE LLC,ChIJ6zWe4g4Ww4gRSZeEikmHHGo,3.7,3,http://www.mycoastalcare.com/,(941) 365-5079,"hospital,health,point_of_interest,establishment",success
6234,LIGHT OF VISION CARE SERVICE LOV LLC,,,,,,,not_found
8692,"PERSON TO PERSON CARE CENTER, LLC",ChIJ6_EprkuxwogRNugYCZoTZIg,,,http://personcenteredcareeducation.com/,(813) 760-6063,"point_of_interest,establishment",success
9401,"Talk the Talk Pediatric Therapy, LLC",ChIJw9Xj5hZCdmcRx1PWWthOd_E,5,14,https://www.tttpediatrictherapy.com/?utm_source=google&utm_medium=wix_google_business_profile&utm_campaign=12634038434977738604,(813) 445-3999,"health,point_of_interest,establishment",success
8463,A LOVING PLACE LLC,ChIJzbFIi2Fl54gR2qh7C22fKMo,5,3,,(954) 663-2760,"point_of_interest,health,establishment",success
6048,BLESSING HEART GROUP HOME LLC,ChIJ01MTTcNId4IRM9sEdWUsZck,3.7,3,,(888) 243-4217,"point_of_interest,establishment",success
6112,HELPING HANDS OF HANES CITY INC,ChIJFd5gis1y54gREqkcg5A3jOA,3,22,http://hhlawncare.org/,(352) 404-4601,"general_contractor,point_of_interest,establishment",success
9394,"SpeechBuilders, LLC",ChIJVVVVVQll54gRpuyUN46Sn0w,4.7,58,https://www.speechbuilders.org/,,"health,point_of_interest,establishment",success
8921,"SUNSHINE CARE SUPPORT SERVICES, INC",,,,,,,not_found
6080,SUPERPOWER INDEPENDENT LIVING INC,ChIJjzFForV354gRTnCqTkQI3yU,4.8,4,http://www.striveseniorliving.com/,(407) 745-5887,"health,point_of_interest,establishment",success
6127,"TEQUESTA DUKES
DEVOTED HOME CARE AND SUPPORT SERVICES",ChIJ51rzjcDDwogRtJrA39bloek,3.3,14,http://donnasdevotedcare.com/,(813) 915-5006,"health,point_of_interest,establishment",success
6282,ASSOCIATION FOR RETARDED CITIZENS,ChIJn5a60lSW3IgR8zDvAO07JyI,5,3,https://www.arcdesoto.org/,(863) 494-2328,"point_of_interest,establishment",success
9358,Bloom Behavioral Solutions,ChIJf1MPruNJ5IgRUDQyxrRZZys,4.5,24,https://www.jaxbloom.com/,(904) 647-1849,"health,point_of_interest,establishment",success
8738,DESIRABLE MEASURES LLC,ChIJlW9V8FNr3YgRidfoYq8Uht0,3.8,185,http://www.doctortodaytlc.com/,(863) 858-8000,"pharmacy,health,point_of_interest,store,establishment",success
6281,"RIDGE AREA ARC, INC.",ChIJbezeqOBV3IgR-ukUdN9z7hc,4,4,,(863) 452-1295,"school,point_of_interest,establishment",success
10161,Horizons Pediatric Center PPEC - B2,ChIJfd58_Kw53YgRELMxPBzeHX8,5,8,http://horizonspediatriccenter.com/,(863) 937-3934,"health,point_of_interest,establishment",success
9075,ENDLESS ABILITIES FOR CHILDREN WITH DISABILITIES,ChIJP6NSJb0X3YgRJHGAWAzrafo,,,https://www.ea4cd.org/contact,(863) 205-1624,"point_of_interest,establishment",success
6056,"JONATHAN TUMAN, DDS,PA",ChIJCfsHRpuy2YgREFUqt01lcYA,4.3,18,http://bayharborcompletedentistry.com/,(305) 865-7166,"dentist,point_of_interest,health,establishment",success
6331,LOVES RESTORATION CENTER LLC,ChIJA7ECpSbPwogRCjRva6SkOHI,5,5,http://loverestorationcc.org/,(813) 843-8754,"point_of_interest,establishment",success
6456,"THE ARC OF THE GLADES, INC.",ChIJZ_SmjP1Q2YgR6nP_IvRt4Kw,5,3,https://arcglades.org/,(561) 996-9583,"point_of_interest,establishment",success
8928,THIS IS YOUR HOME SERVICES LLC,ChIJAZZSO0Ry6IgRhmYbFhxfjoI,4,4,,(352) 302-4308,"general_contractor,point_of_interest,establishment",success
8786,A & K CARE TRANSPORTATION INC,ChIJXX4fvGx954gRaLBnX2j3Wdc,1,3,,,"point_of_interest,establishment",success
6088,ANGEL LIGHT CARE AND TRANSPORTATION,,,,,,,not_found
7177,AnneRose Therapy & Health Services LLC,ChIJ32FgEace2YgRt_TLwpxDd5Y,5,18,http://www.annerose-otcare.com/,(561) 409-4490,"physiotherapist,point_of_interest,health,establishment",success
9182,Blossom Speech & Language Therapy- Boca Raton,ChIJG-MI0w0F2YgRnCvz9NI5Kd8,5,82,http://blossomspeechlanguage.com/,(561) 270-4433,"health,point_of_interest,establishment",success
9380,Expressions 4 Kids,ChIJoabsWkPj2IgRC041-GL3RfM,5,109,https://www.expressions4kids.com/,(561) 571-5287,"point_of_interest,health,establishment",success
10167,"F.I.T. PT, Florida In-Home Therapy",ChIJe-sM_njf2IgR5quqS006h6Y,5,95,http://www.ksfitpt.com/,(561) 501-1983,"physiotherapist,health,point_of_interest,establishment",success
9652,FUNctional Pediatric Therapy,ChIJH82tGJAM6AYRAuPNpndODEk,5,19,https://funpt4kids.com/,(561) 206-4166,"physiotherapist,health,point_of_interest,establishment",success
9007,GLOBEX COMMUNITY DEVELOPMENT CENTER,ChIJr89qH_Th2IgR3rImlRnksHo,3.7,3,http://globexcommunity.com/,(561) 313-7113,"health,point_of_interest,establishment",success
6401,"HABILITATION CENTER FOR THE HANDICAPPED, INC.",ChIJU1rRvRMc2YgRGQlC1CzcIg0,4.6,52,https://habcenter.org/,(561) 483-4200,"point_of_interest,establishment",success
5886,JEWISH ASSN. FOR RESIDENTIAL CARE,ChIJi8HVFPwb2YgR0zGtKHpnMwo,4.4,33,http://www.jarcfl.org/,(561) 558-2550,"point_of_interest,establishment",success
6174,"LUCIENNE HOME CARE, INC
NA",ChIJq6r6lwPi2IgRtUG6GdLFvw0,1,1,https://lchealthcenter.com/,(954) 635-5156,"health,point_of_interest,establishment",success
9305,Pathways to Progress Therapy Services,ChIJE7uE-gvi2IgREBbSdg74MD4,5,3,https://pathwaystoprogresstherapy.com/contact-us,(561) 523-3211,"health,point_of_interest,establishment",success
9200,"Pediatric Sunshine Therapy, LLC",ChIJ8xtgioQZ2YgR0rVWM3GLim4,5,41,http://pediatricsunshinetherapy.com/,(954) 608-0073,"health,point_of_interest,establishment",success
10003,Progressive Pediatric Therapy - Boca Office,ChIJTSk6THYe2YgRxxWqc71eBM0,4.8,180,http://ppt4kids.com/,(561) 376-2573,"physiotherapist,point_of_interest,health,establishment",success
9243,Provita Speech Therapy Boca Raton,ChIJ37p63B4f2YgRGQYrIWTbR5k,4.9,177,https://www.provitaspeech.com/,(954) 666-2942,"health,point_of_interest,establishment",success
9315,"Sunshine Therapy Partners, PLLC",ChIJ1cn3PTEd2YgRdEuiFBTXuow,5,12,http://www.mysunshinetherapy.com/,(305) 336-5381,"health,point_of_interest,establishment",success
9347,The Pediatric Feeding Institute of South Florida,ChIJvTuu4igd2YgRwkIngwD03iQ,5,57,https://pediatricfeedinginstitutefl.com/,(561) 571-7557,"health,point_of_interest,establishment",success
6404,"TRI-COUNTY HOMECARE OF FLORIDA, INC",ChIJ52JSKXjh2IgR9wbaz7DgEjE,5,1,https://www.tricountyhomecareflorida.com/,(561) 922-9178,"health,point_of_interest,establishment",success
6132,"TUTTS PLACE, INC.",ChIJE-0yyB0f2YgR0lDVtrvRp_0,,,http://www.tuttopiccolo.shop/,(305) 833-6971,"point_of_interest,clothing_store,store,establishment",success
9755,Pelletier Rickert Physical Therapy - Bokeelia,ChIJuQ8LLGNJ24gRLK_ndU_dnG0,5,2,https://pelletier-rickertphysicaltherapy.com/,(239) 283-1716,"physiotherapist,point_of_interest,health,establishment",success
6015,TRI COUNTY COMM COUN INC,ChIJzZhXFGSrk4gRHyuZKliwfiQ,4.4,5,http://www.tricountycommunitycouncil.com/,(850) 547-3689,"point_of_interest,establishment",success
6358,ABLE TO DREAM INC,ChIJ1T9d_NrZ2IgRnYYFGsaXZGY,5,3,https://www.abletodream.com/,(954) 205-7391,"point_of_interest,establishment",success
9009,ADDERLY JR JAMIE E,,,,,,,not_found
8329,Children's Services Council of Palm Beach County,ChIJt2wOc8nY2IgRVaztnPfmYQA,4.5,43,https://www.cscpbc.org/,(561) 740-7000,"point_of_interest,establishment",success
9658,Elite Therapy Institute,ChIJBxnWAEcn2YgRQbQcC4TqvR4,5,121,https://www.elitetherapyinstitute.com/,(561) 731-5999,"physiotherapist,health,point_of_interest,establishment",success
10169,Florida Movement Therapy Centers,ChIJAx3kmwMh2YgRg9IDGK9AeJs,4.9,149,https://flmtc.com/boynton-beach-therapy/,(561) 733-5083,"health,point_of_interest,establishment",success
7158,Measuring Minds,ChIJ___T8f8j2YgRCHRWphOqi98,5,79,https://www.measuringminds.org/?utm_source=google&utm_medium=organic&utm_campaign=gbp,(561) 291-8898,"point_of_interest,health,establishment",success
9003,MEHONACARE LLC,ChIJlWbLnATZ2IgRTGp7UzCaRzo,5,6,https://mehonacare.godaddysites.com/,(561) 215-3468,"health,point_of_interest,establishment",success
9328,Project Speech,ChIJO13idWTf2IgR_ro89dEA--s,4.7,38,https://www.projectspeechtherapy.com/,(561) 631-7723,"health,point_of_interest,establishment",success
8336,Reflections Creative Therapies Group,ChIJI61U2H4f2YgRM_kr8093dTM,4.8,34,https://reflectionscreativetherapies.com/,(561) 810-6631,"health,point_of_interest,establishment",success
9221,Speech Language & More - Boynton Beach,ChIJy0oTyXoh2YgRINtTd-d6Rv4,5,11,http://www.slmspeech.com/,(561) 200-4343,"health,point_of_interest,establishment",success
6026,"THE VINGLO HOUSE, LLC",ChIJCctiJfDZ2IgRV-iVLmkvi44,5,1,,(954) 727-6921,"point_of_interest,health,establishment",success
9379,Therapeutic Treehouse,ChIJbYp9BqdoRGURJQINkoaCIyo,5,12,http://therapeutictreehouse.com/,(561) 223-1650,"health,point_of_interest,establishment",success
8753,AROUND THE WAY LLC,ChIJ-cqyeDo9w4gRUdPCbxvdMD8,5,2,http://atwtransportation.com/,(941) 264-7869,"point_of_interest,establishment",success
6307,ASPIRING ABILITIES LLC,ChIJXbMQRbAXw4gRaq5hrqmhUiA,5,2,http://lifeskills-institute.com/,(941) 355-9657,"health,point_of_interest,establishment",success
8761,B-WORLD QUALITY CARE CORP.,ChIJQbGSKqkXw4gR6NpocOe1dBY,,,https://www.abs.care/,(941) 906-1881,"health,point_of_interest,establishment",success
9799,"Children's Therapy Associates, Inc.",ChIJZRzSsS48w4gRgT01vFeSjuQ,5,1,http://ctaflorida.com/,(941) 756-1003,"physiotherapist,point_of_interest,health,establishment",success
6300,"EMPOWERED ABILITIES HEALTHCARE SOLUTIONS, LLC",ChIJ-zRf14k7w4gRMGjkxMiJNfk,5,2,https://ampoweredmobility.com/,(941) 201-5915,"health,point_of_interest,establishment",success
8768,MANATEE ASSISTED LIVING FACILIY,ChIJzXlvoMIXw4gRMd8zxBPpeKs,4.1,14,https://mralwecare.com/,(941) 721-0426,"health,point_of_interest,establishment",success
6308,SIDE BY SIDE WORKING TOGETHER,ChIJwZmbdHQWw4gRUf6Q0fZXqxg,4.8,99,https://www.mybayside.church/campuses/bayshore-gardens,(941) 755-8600,"church,place_of_worship,point_of_interest,establishment",success
6025,"WESTSIDE GROUP HOME, INC",ChIJt7bmn80Xw4gRIh_x48ffsBk,4.8,8,https://hope4c.us/,(941) 544-4850,"point_of_interest,establishment",success
8669,"AVA CARES, LLC
AVA CARES GROUP HOME",ChIJFWpFt5rNwogRFp5jMhiScAU,4.8,4,,(813) 300-6177,"point_of_interest,health,establishment",success
5811,"BAY AREA DIRECT CLIENT CARE LLC
DESHAE MARTIN",ChIJ__-bjaAnw4gRH0uDc7vMgfM,5,13,https://www.bayareadirectclientcare.com/developmental-disability-care-contact-us,(813) 679-5122,"health,point_of_interest,establishment",success
6253,"BRANDON SPORTS AND AQUATICS CENTER, INC.
HIGH 5, INC.",ChIJBfw1OrDNwogRWnRdTNc-fb4,4.3,187,http://www.high5inc.org/,(813) 689-0908,"school,point_of_interest,establishment",success
8696,CELESTAL CARE LLC,ChIJY3r8bkVx54gRekLaeKUNyy4,4.1,13,http://celestialhhcare.com/,(407) 951-6096,"health,point_of_interest,establishment",success
10071,HealthPro Pediatrics Brandon,ChIJ70GoCcXNwogRzREBxwhp500,3.7,97,https://healthpropediatrics.com/brandon-fl/,(813) 653-1149,"health,point_of_interest,establishment",success
6254,"IMPACT'S TRANSITIONAL LIFE-SKILL CENTER, INC.",ChIJe5gg2b7NwogRha84usW8xGA,5,2,https://impactstlc.org/?page_id=398,(813) 693-5101,"point_of_interest,establishment",success
6237,"K2 ESCAPE, INC.",ChIJfXRqKvbTwogRNWZbrmdLhr4,5,6,https://k2escape.org/,(813) 409-2849,"point_of_interest,establishment",success
6099,"LIFELONG LEARNERS ACADEMY LLC
YOLANDE S. COLLMAN",ChIJXTuknQnSwogRRIvKN63vPpQ,,,,(888) 328-3883,"school,point_of_interest,establishment",success
8695,"NEW HORIZONS GROUP HOMES, INC.
NEW HORIZONS GROUP HOME",ChIJcXFUkTTMwogRcs48jU47tcc,4.5,8,http://www.newhorizonshomes.org/,(813) 571-2690,"point_of_interest,establishment",success
10413,"Occupational Therapy at Johns Hopkins All Children's Outpatient Care, Brandon",ChIJ1dyBkpbNwogRmtl0OVrm_dc,,,https://www.hopkinsmedicine.org/all-childrens-hospital/services/rehabilitation/occupational-therapy,(727) 767-7272,"health,point_of_interest,establishment",success
6467,PARAGON CARE INC,ChIJp5hiEGfNwogRu2YYUKdBzoQ,5,2,,(813) 482-4634,"point_of_interest,establishment",success
10072,Pediatric Therapy Services - Brandon,ChIJZxRelrTNwogRfbIQP7z0kpo,3.5,39,http://ptsbeyourbest.com/,(813) 662-1060,"physiotherapist,health,point_of_interest,establishment",success
6176,"RNJ HOME HEALTH SERVICES, INC",ChIJWQ3TGcbBwogRfWws7sMrA0w,5,2,,(813) 381-0465,"health,point_of_interest,establishment",success
10209,Skill Point Therapy - Brandon,ChIJD5gtK5XPwogRBhpP5gQxO8Y,5,6,https://www.skillpointtherapy.com/,(813) 491-8300,"health,point_of_interest,establishment",success
8681,THE JOHNSON HOUSE INC,ChIJQdoCmxTNwogRflTqqg9We7w,4,4,https://www.refugeseniorliving.com/,,"health,point_of_interest,establishment",success
8933,LEVY CNTY BOARD OF CNTY COMMISSIONE,ChIJUVaXMs3t6IgR39SjggbN9aY,2.3,6,http://www.levycounty.org/,(352) 486-5218,"local_government_office,point_of_interest,establishment",success
6385,"WILSON SHERI L
HOME ACCESSIBILITY CONSULTING LLC",ChIJF1WVU4sV6IgRkc21KB-9u20,5,1,https://accessibilityservices.com/,(800) 933-8400,"point_of_interest,establishment",success
6142,"ABA Kids Connection, Inc - Brooksville",ChIJWwrYYJEb6IgRsl2aa4ACYvY,,,https://abakidsconnection.com/,(352) 737-1183,"health,point_of_interest,establishment",success
10033,PT Solutions of Brooksville,ChIJpTxFiLAc6IgRPyKwBqe-N2E,4.9,145,https://ptsolutions.com/find-a-clinic/fl/brooksville/brooksville/?utm_source=google&utm_medium=organic&utm_campaign=GMB-PT-Solutions-Brooksville&utm_content=listing,(352) 754-4500,"physiotherapist,health,point_of_interest,establishment",success
8091,Select Physical Therapy - Weeki Wachee,ChIJx9nqGhcf6IgRVVR_-_ttIUk,5,115,https://www.selectphysicaltherapy.com/contact/find-a-location/fl/weeki-wachee/weeki-wachee/?ty=xt,(352) 596-8760,"doctor,health,point_of_interest,establishment",success
9397,Superior Therapy Services Inc,ChIJWfAErakE6IgR9yoaZmN2_fc,4.1,15,http://www.superiortherapyservices.com/,(352) 796-0069,"point_of_interest,health,establishment",success
9477,Westshore Physical Therapy aka. Ewing and Thomas,ChIJd7almSsf6IgRDIp9BNnlSbc,4.9,28,https://westshorept.com/,(352) 340-5935,"health,point_of_interest,establishment",success
10032,PT Solutions of Bushnell,ChIJsybswYTk54gR-AUYAN74A3o,4.8,86,https://ptsolutions.com/find-a-clinic/fl/bushnell/bushnell/?utm_source=google&utm_medium=organic&utm_campaign=GMB-PT-Solutions-Bushnell&utm_content=listing,(352) 569-0004,"physiotherapist,health,point_of_interest,establishment",success
6949,Cocoa Beach Child Psychology,ChIJk9uZSmcd3ogR2aOQ15o8u-w,5,10,http://www.cocoabeachpsychology.com/,(321) 282-1475,"health,point_of_interest,establishment",success
9774,"Active Med Pros - Dr Justin Dempsey, DC",ChIJnWOHz9U524gRDUl2GW5M6mg,4.9,83,https://www.activemedpros.com/,(239) 458-5747,"doctor,health,point_of_interest,establishment",success
8565,ActiveLife Family Chiropractic,ChIJyWQiJ1o_24gR60iICBoeF3k,4.9,215,http://www.activelifefamilychiro.com/,(239) 540-5433,"health,point_of_interest,establishment",success
10008,Advanced Physical Therapy & Rehabilitation,ChIJOzKIhjdB24gRzIv4O59PMYs,4.9,303,https://www.yourbesttherapy.com/,(239) 772-2363,"physiotherapist,point_of_interest,health,establishment",success
6053,"ADVANTAGE SERVICES GROUP, INC",ChIJl242s5ZG24gR1qRoj6_w0s8,5,1,https://www.powerservicesgroup.com/,(800) 226-7557,"point_of_interest,establishment",success
9756,Allied Physical Therapy Wellness Community - 1469 Sw 4th Ter,ChIJHT68njdB24gRloQDoYO_Yck,4.9,226,http://alliedpt.com/,(239) 242-0070,"point_of_interest,health,establishment",success
9445,Apex Physical Therapy - Cape Coral,ChIJgfzVIF5G24gRCF5n8_-iOGc,4.9,454,https://apexptflorida.com/?utm_source=gmb&utm_medium=organic&utm_campaign=gmb-listing,(239) 573-8658,"physiotherapist,point_of_interest,health,establishment",success
8575,Athletic Recovery Services,ChIJk4nTkDNB24gRBHfGXBIJLlI,5,46,https://www.athleticrecoveryservices.com/,(239) 424-5111,"spa,health,point_of_interest,establishment",success
6345,"C&L,A SUPPORT SERVICE INC.",ChIJi-_S33FvWIgR-g4poPYU9V0,4.8,399,http://www.clserviceshvac.com/,(864) 964-0565,"general_contractor,point_of_interest,establishment",success
9712,Car Accident Doctor Cape Coral Alpha Medicine & Rehab,ChIJx0Xp3IFB24gR0VEJ8LZIxuY,4.7,60,https://www.alphamedicinerehab.com/cape-coral,(877) 219-2088,"doctor,health,point_of_interest,establishment",success
6102,"CARING FAMILY GROUP HOME, LLC",ChIJ19_0ufRF24gRV_BP3FrymQQ,5,3,,(239) 233-2171,"point_of_interest,establishment",success
10404,Centro Medico LLC,ChIJE-GMMulB24gRBHt0Q49HNIU,5,18,https://www.centromedicofl.com/,(239) 257-1167,"health,point_of_interest,establishment",success
8525,Chippendale Audiology,ChIJExj2lkdB24gR3E4mWtnQ_HA,4.9,355,https://www.chippendaleaudiology.com/,(239) 230-3799,"store,point_of_interest,doctor,health,establishment",success
6346,CITY OF CAPE CORAL,ChIJ9RaA56dE24gR8m-bOhak0a8,,,http://www.capecoral.net/,,"locality,political",success
9980,CORA Physical Therapy Cape Coral,ChIJ32e21oVH24gRLjdCaMyXIPI,4.8,71,https://www.coraphysicaltherapy.com/location/cape-coral-florida/,(239) 214-8760,"point_of_interest,health,establishment",success
8526,Del Prado Medical Center,ChIJ3153GqhA24gRR3QVwnNnlSM,4.5,343,https://www.delpradomedicalcenter.com/,(239) 772-1194,"hospital,health,point_of_interest,establishment",success
6794,Dove Behavioral Health LLC,ChIJqTgl0GFD24gRldsawf4ravg,4.9,169,https://www.dovebehavioralhealth.com/,(239) 445-3683,"health,point_of_interest,establishment",success
6791,"Dr. Jennifer Brandon, Chiropractor",ChIJ_wyjHJpH24gR3-udplnNGFU,5,18,https://www.drjenniferbrandon.com/,(239) 329-8987,"health,point_of_interest,establishment",success
9788,Dr. Patrick Bartholomew: Family Foot & Leg Center - Cape Coral,ChIJ54WurEdB24gRjl0ULUBi0Es,4.9,144,https://www.naplespodiatrist.com/cape-coral/,(239) 430-3668,"doctor,health,point_of_interest,establishment",success
8894,"ELSYOFF CARE CENTER LLC
ELSYOFF CARE CENTER",ChIJ98C_cy9F24gRhin73JgxnRM,5,1,,(239) 312-8316,"point_of_interest,establishment",success
10311,Encompass Health Rehabilitation Hospital of Cape Coral - 1730 Ne Pine Island Rd,ChIJI0i5atRD24gR3MkAQUsBSYw,4.7,115,https://www.encompasshealth.com/locations/cape-coral-rehab?utm_source=google&utm_medium=organic&utm_campaign=gbp,,"hospital,physiotherapist,point_of_interest,health,establishment",success
8591,Experience Health & Wellness Center,ChIJabekkcVH24gRINiUaMw4_fE,4.9,673,https://www.efchealth.com/,(239) 205-3700,"health,point_of_interest,establishment",success
5783,Foot and Ankle Center,ChIJ_27vQCZB24gRelsa5ZHhpG8,4.9,661,http://www.ccfootdr.com/,(239) 573-9200,"doctor,health,point_of_interest,establishment",success
7036,Forge Wellness,ChIJqU2GlCNH24gRIt_dpQ3Z_1Q,5,43,https://forge-wellness.com/,(781) 413-7169,"spa,store,point_of_interest,establishment",success
10393,"FOUR CENTERS FOR WELLNESS, INC",ChIJ0YZVcN0_24gRt1rnxtojVZQ,4,21,,(239) 540-1311,"spa,health,point_of_interest,store,establishment",success
8455,Golden Phoenix Mental Health | Cape Coral,ChIJ7QKatLVB24gRGET7IAofzmk,5,2,https://goldenphoenixmh.com/,(786) 353-2324,"health,point_of_interest,establishment",success
6405,GRACE IN MOTION LLC,,,,,,,not_found
9757,Integrated Therapy Practice - Cape Coral,ChIJmXRcDZ5H24gRkjZ9mxulX3w,5,34,https://www.integratedtherapypractice.com/,(239) 257-1431,"physiotherapist,health,point_of_interest,establishment",success
7952,Island Coast Pediatrics,ChIJySlwjkdB24gRDM4qPUGKw4U,3.7,113,https://www.icpeds.com/Contact-Us/Locations/Cape-Coral-Office,(239) 768-2111,"hospital,doctor,health,point_of_interest,establishment",success
9446,Jaffe Sports Medicine,ChIJB4Byb0ZB24gRUytqfs-5eC8,4.7,180,http://jaffesportsmedicine.com/locations/cape-coral/?utm_source=GMBSocialClimb&utm_medium=JaffeSportsMedicine,(239) 703-7096,"physiotherapist,doctor,health,point_of_interest,establishment",success
8605,Mama's Chiropractic Cape Coral a PalmerCare Clinic,ChIJ1Rmpb1pH24gRrI1Dv42pwyw,4.9,71,http://www.mamaschiropractic.com/?utm_campaign=gmb,(239) 688-2371,"health,point_of_interest,establishment",success
9798,Millennium Physician Group - Cape Coral Physical Therapy,ChIJW0y_uRlB24gRKv6wIuJogkg,4.7,48,https://millenniumphysician.com/location/cape-coral-physical-therapy/,(239) 242-6716,"health,point_of_interest,establishment",success
10359,Multi-Care Medical - Cape Coral,ChIJ295YkKQ524gRo5BIS9u68DY,5,28,https://www.multicaremedicalcenters.com/location/cape-coral-fl?utm_source=google&utm_medium=gmb&location=cape-coral,(239) 842-9560,"doctor,health,point_of_interest,establishment",success
10324,Navigate Home Health Care,,,,,,,not_found
10333,NEXT LEVEL SUPPORTS LLC,,,,,,,not_found
6790,Pediatric Dentistry of Cape Coral,ChIJ-12GkjpB24gRs5PQNNCFG-s,4.7,371,https://www.swfl-pediatricdentistry.com/,(239) 322-5222,"dentist,doctor,health,point_of_interest,establishment",success
9447,Pelletier Rickert Physical Therapy - Cape Coral,ChIJ9emu1jVB24gRzyrxebnXNl4,5,80,https://pelletier-rickertphysicaltherapy.com/,(239) 772-3335,"physiotherapist,health,point_of_interest,establishment",success
9889,Physical Therapy Now Cape Coral,ChIJA3EqU8ZH24gRwAqqPEk2AqI,4.8,65,https://www.physicaltherapynow.com/capecoral/,(239) 424-9904,"physiotherapist,doctor,health,point_of_interest,establishment",success
6818,"Prestige Behavioral Center, LLC.",ChIJkRXRTIxH24gRE6JmrPCApC4,5,34,https://www.prestigebehavioralcenter.com/,(239) 789-0041,"point_of_interest,health,establishment",success
8608,"RELIABLE TRANSPORTATION OF SW FL, LLC",ChIJ8yM7ZJJG24gRrpPBn110Sr0,4.8,6,,(239) 309-0633,"point_of_interest,establishment",success
8515,Select Physical Therapy - Cape Coral,ChIJOUSmZHRB24gRYIwuXEZz1fE,4.9,265,https://www.selectphysicaltherapy.com/contact/find-a-location/fl/cape-coral/cape-coral/?ty=xt,(239) 574-7557,"doctor,health,point_of_interest,establishment",success
7942,Select Physical Therapy - Cay West,ChIJIz1nXHA424gRC7WUSDzFNOI,4.9,228,https://www.selectphysicaltherapy.com/contact/find-a-location/fl/cape-coral/cay-west/?ty=xt,(239) 542-0900,"doctor,health,point_of_interest,establishment",success
6311,"SOUTHERN SUPPORTS AGENCY, INC",ChIJMThknzix2YgRdQ2rmOlSkCw,5,4,https://southernagency.org/,(954) 749-1706,"insurance_agency,point_of_interest,establishment",success
9749,Specific Care Chiropractic - Cape Coral,ChIJb-f87lpB24gRZg11rZYzWZo,5,168,https://sc-chiro.com/cape-coral/?utm_source=google&utm_medium=organic&utm_campaign=gmb-listing-cape-coral,(239) 369-9109,"physiotherapist,point_of_interest,doctor,health,establishment",success
6191,"SUNRISE COMMUNITY OF SOUTHWEST FLORIDA, INC.",ChIJx4d-GMtG24gRG6GQrpvxxE8,4,4,https://sunrisegroup.org/,(239) 574-0068,"point_of_interest,establishment",success
6792,The Traveling Therapist LLC,ChIJ547WCtZD24gRmT-iSgV3v6o,4.8,91,http://www.thetravelingtherapist.net/,(239) 354-7187,"health,point_of_interest,establishment",success
6819,Vibrant Health & Wellness,ChIJf7C5P8xH24gRw5jdKAGdpXY,4.9,44,https://www.vibranthealthswfl.com/,(239) 789-6959,"health,point_of_interest,establishment",success
8524,"Vitality Kids Counseling Group, Inc",ChIJLWIhgVBB24gRLcEUcHAwZF0,5,1,http://www.vitalitykidscg.com/,(239) 205-6042,"health,point_of_interest,establishment",success
6793,WellWay - Cape Coral,ChIJcVAzsklB24gRo_LuO42IQX8,4.5,327,https://wellway.com/locations/cape-coral-florida/,(239) 360-7492,"gym,health,point_of_interest,establishment",success
6128,"KATHLEEN ANDERSON COMPREHENSIVE WORK CENTER, INC
INSPIRE OF CENTRAL FLORIDA",ChIJeyJC5MBt54gR_NvLmoY08HQ,4.5,22,http://www.inspireofcentralflorida.org/,(407) 699-4419,"point_of_interest,establishment",success
9378,"Simple Speech Therapy, LLC",ChIJAetedfJ73YgRSMlFpLiLC5k,5,47,http://www.simplespeechtherapyfl.com/,(407) 900-4474,"health,point_of_interest,establishment",success
8934,"THE ARC OF LEVY COUNTY, INC.",ChIJ5-tYnKH76IgR6lmqDglMZ2U,5,1,https://www.thearcoflevy.org/,(352) 493-1609,"point_of_interest,establishment",success
10368,ARC OF WASHINGTON-HOLMES,ChIJKcp3NQoBk4gRjz2uWobfaYE,4.4,15,,(850) 638-7517,"point_of_interest,establishment",success
6373,FERNANDEZ LIFE CARE SERVICE,,,,,,,not_found
9511,Advanced Medical of Florida,ChIJiVooIknwwogRenOrUrpBZmA,4.9,181,http://www.amfhealthcare.com/,(727) 408-5222,"physiotherapist,hospital,doctor,health,point_of_interest,establishment",success
6260,"AMCAF GROUP HOME, LLC",ChIJA1uIjEzvwogRdDmMk-d3DbY,4.6,48,https://www.aravillaclearwater.com/,(727) 260-2826,"point_of_interest,health,establishment",success
6442,AMER HOME CARE INC.,ChIJ18Aw4u-G_qMR1tMS3xitkEg,5,73,https://americareinfo.com/pinellas/,(727) 518-5772,"health,point_of_interest,establishment",success
6419,"ANGEL CHILD HOME CARE CORP, INC.
ANGEL CHILD HOME CARE",ChIJ3W4Ms47DwogRJ370k2oahoo,5,8,http://angelsofcare.com/,(813) 551-3040,"health,point_of_interest,establishment",success
10267,Barrett Outpatient Rehabilitation & Sports Medicine Center,ChIJAQcDH8DwwogR2DqojND4Rm8,4.8,187,https://baycare.org/locations/b/barrett-outpatient-rehabilitation-sports-medicine-center?utm_campaign=BayCare_DigitalMarketing_M20140288&utm_source=Google&utm_medium=LocalListing&utm_content=Barrett_Outpatient_Rehabilitation_&_Sports_Medicine_Center,(727) 462-7052,"health,point_of_interest,establishment",success
8536,Bay Area Neuromuscular Therapy,ChIJ9Q1iJmLwwogReRabdgziTBA,5,35,http://www.bayareaneuromuscular.com/,(727) 461-3896,"physiotherapist,health,point_of_interest,establishment",success
8396,Bayside Physical Therapy,ChIJVe4heXzxwogRIinrauMDIYk,5,25,https://baysidephysicaltherapy.net/,(727) 441-5044,"health,point_of_interest,establishment",success
8394,Baywest Chiropractic,ChIJpfCNLsrxwogRSq6zTuf52lY,4.9,30,http://www.baywestchiro.com/,(727) 441-2915,"point_of_interest,health,establishment",success
10180,Belleair Health Care Center,ChIJp4Pu9pfwwogRexX_JppP0D0,3.4,86,http://belleaireastrehab.com/,(727) 585-5491,"point_of_interest,health,establishment",success
9508,Blue Wave Pediatrics,ChIJIUdTP9jxwogRuK2zmUTkduc,4.8,100,https://www.bluewavemedicalassociates.com/pediatric-care/,(727) 303-3117,"doctor,health,point_of_interest,establishment",success
9155,BRIGHT FUTURE STAR LLC,ChIJtZgE0vGC54gR5aQNZl-OH-U,4.7,33,https://brightfutureelectric.com/?utm_source=Google%20My%20Business&utm_medium=Website%20Link%20Click&utm_campaign=Google%20My%20Business%20Traffic,(407) 654-0155,"electrician,general_contractor,point_of_interest,establishment",success
8577,Catalyst Physical Therapy - Clearwater,ChIJMywkxaXxwogRucUhkxXTbUg,5,146,http://catalystpt.org/?utm_source=gmb&utm_medium=organic&utm_campaign=gmb-listing,(727) 286-8408,"physiotherapist,health,point_of_interest,establishment",success
9675,Champion Wellness Centers - Clearwater,ChIJfwqvxN_twogRffAd0oJgIC0,4.9,309,https://championwellness.com/location-clearwater-fl,(727) 797-9900,"point_of_interest,health,establishment",success
9668,Clearwater Spine & Rehabilitation,ChIJDwydTTLwwogRBE9yyAX_ZAU,4.8,271,https://www.clearwaterspine.com/?utm_source=google&utm_medium=local&utm_campaign=gmb_listing,(727) 447-4255,"health,point_of_interest,establishment",success
8378,Coastal Neuropsychology,ChIJAQBQQxruwogRO6NEK8Q5Mic,4.2,14,http://www.coastalneuropsychology.com/,(800) 687-1938,"health,point_of_interest,establishment",success
9940,CORA Physical Therapy Clearwater,ChIJv3lUnurxwogRaTcgHfBH8vs,4.9,99,https://www.coraphysicaltherapy.com/location/clearwater-florida/,(727) 797-8100,"physiotherapist,health,point_of_interest,establishment",success
6507,"DNVO, INC",ChIJ27vvndTxwogRauBSgipNtrA,5,5,,,"point_of_interest,establishment",success
6139,FANTA VILLA CARE SERVICES LLC,,,,,,,not_found
9669,Florida Physio - Clearwater,ChIJV1EpAZThwogRFB4yUX8LNU4,5,136,https://floridaphysio.com/,(727) 490-8262,"physiotherapist,health,point_of_interest,establishment",success
9673,Foundation Physical Therapy-Pelvic Floor and Orthopedics,ChIJKZDisnXywogRluc2O0JBIAk,4.8,208,http://www.foundationpt.com/,(727) 784-6088,"point_of_interest,health,establishment",success
9512,Free Motion Physical Therapy Inc.,ChIJ9a0b4d_wwogR3SUaEMK0H4c,5,195,https://freemotionfloridapt.com/,(727) 888-1460,"physiotherapist,health,point_of_interest,establishment",success
8429,Frontier Physical Medicine,ChIJs2svb5HxwogRzGVM2AOj5zI,4.5,64,https://frontierphysicalmedicine.com/,(727) 777-6615,"physiotherapist,doctor,health,point_of_interest,establishment",success
9791,Impact Health and Performance - Clearwater,ChIJ1f9LFvrywogRaqzPZjhTds4,4.9,44,http://www.impacthealthnow.com/,(727) 785-8737,"physiotherapist,health,point_of_interest,establishment",success
8374,"Katie Merricks Counseling, LLC, PHD",ChIJgYJIQxruwogReCOkg2Jo4cI,4.4,16,http://www.katiemerrickscounseling.com/,(727) 228-2388,"health,point_of_interest,establishment",success
6201,"LOGISTIQUE, LLC",ChIJPRRtSQ63CIgRkS27-Nx6zIA,5,2,http://www.hilllogisticsinc.com/,(727) 362-1219,"point_of_interest,establishment",success
8644,MM DEDICATED CARE INC.,ChIJ2Xz-yFnwwogR0bOURn9zNB8,4.3,217,https://www.dedicated.care/find-a-location/tampa-bay-florida/clearwater/?utm_source=google&utm_medium=organic&utm_campaign=chenmed_local_listing&utm_content=gbp_clearwater&y_source=1_NzMwMjgzOC03MTUtbG9jYXRpb24ud2Vic2l0ZQ%3D%3D,(727) 219-1833,"health,point_of_interest,establishment",success
9663,MOTION RX Physical Therapy - St Pete,ChIJaYKJPCfjwogRbnleVndFMLQ,5,137,http://www.motionrxhealth.com/,(727) 826-7142,"physiotherapist,health,point_of_interest,establishment",success
9054,NEED A HAND? CALL ANN,ChIJ4zVlAmgfDqsRes6iA4qtpPE,5,2,,(727) 953-0432,"point_of_interest,establishment",success
9936,Optimal Performance & Physical Therapies,ChIJW80Za-jwwogRs2zPhp-Vd6Q,5,148,http://www.theoppt.com/,(727) 475-5543,"physiotherapist,health,point_of_interest,establishment",success
9937,Optimal Performance and Physical Therapies Bayside,ChIJtWJaUXfvwogRp-bKJBF8j5g,5,137,http://www.theoppt.com/,(727) 475-6018,"physiotherapist,health,point_of_interest,establishment",success
8537,Orthopaedic Associates Of West Florida,ChIJj-FD9cHwwogRoQi5rpP3Skc,4.8,2317,http://www.floridaortho.com/OAWF,(727) 461-6026,"health,point_of_interest,establishment",success
10409,Orthopedic Associates of West Florida Countryside,ChIJVVVVVbjtwogRxoJ2mxdgSlE,4.8,800,https://www.floridaortho.com/OAWF,(727) 461-6026,"doctor,health,point_of_interest,establishment",success
9667,Premier Physical Therapy & Sports Performance - 1661 Rainbow Dr,ChIJW1wXuVHwwogRrdOm8XJ5ojM,5,160,http://www.ptandsportstherapy.com/?utm_source=google-gmb-maps&utm_medium=gmb-website-button&utm_campaign=locl.io&utm_content=7b3bb8c2-f730-47ca-808b-e57653ab5dc7,(727) 442-7500,"health,point_of_interest,establishment",success
9672,PT Hustle,ChIJlSILNtJv54gR5-791KLb5ow,5,608,https://www.thepthustle.com/,(727) 732-4573,"physiotherapist,point_of_interest,health,establishment",success
10172,PT Solutions of Clearwater,ChIJxaFNeD_vwogRRG6LtGxA87g,5,42,https://ptsolutions.com/find-a-clinic/fl/clearwater/clearwater/?utm_source=google&utm_medium=organic&utm_campaign=GMB-PT-Solutions-Clearwater&utm_content=listing,(727) 221-7363,"physiotherapist,health,point_of_interest,establishment",success
7237,Rift Fitness,ChIJH8s9M_rwwogRrNk_TwTqV1k,5,308,http://www.riftfitness.com/,(727) 201-2352,"gym,spa,health,point_of_interest,establishment",success
5810,"S&A BEAU2FUL BLESSINGS GROUP HOME, LLC",ChIJvTJ4zcfRwogR67EhFxjwIs4,5,15,https://www.blessingangelsalf.com/,(813) 605-9352,"health,point_of_interest,establishment",success
8825,"SAFE HAVEN, LLC",ChIJZUyFpffxwogRs8Hu-i20HLQ,,,https://www.theroyalhavenhouse.com/,(727) 657-6080,"health,point_of_interest,establishment",success
8395,Select Physical Therapy - Clearwater,ChIJIXFBaObwwogRgQi9CZIZoRc,4.9,120,https://www.selectphysicaltherapy.com/contact/find-a-location/fl/clearwater/clearwater/?ty=xt,(727) 441-4549,"doctor,health,point_of_interest,establishment",success
8425,Select Physical Therapy - Clearwater East,ChIJwZrny9PvwogRR4YAC3yVIZ8,4.9,74,https://www.selectphysicaltherapy.com/contact/find-a-location/fl/clearwater/clearwater-east/?ty=xt,(727) 726-9293,"doctor,health,point_of_interest,establishment",success
10366,SKYCREST PLACE LLC,ChIJQa9LfQnxwogRWOH-wyduuJs,5,5,http://www.skycrestplace.com/,(727) 254-1196,"point_of_interest,establishment",success
10213,"Spark Pediatrics Medical Daycare (PPEC) - Clearwater, FL",ChIJe11ICy_lwogRUwdCTCXLurg,5,13,https://www.sparkpediatrics.com/locations/clearwater-center,(813) 798-2809,"hospital,point_of_interest,health,establishment",success
8405,Spreading Your Wings,ChIJobyh5nbtwogRyeH2Qi4aBjA,5,19,https://spreadingyourwingscounseling.com/,(727) 477-0864,"health,point_of_interest,establishment",success
6207,TAMPA BAY GROUP HOMES INC,ChIJN-jUP-UqaUoRV24glosfZn0,5,19,http://www.baytobaygroup.com/,(727) 410-7190,"general_contractor,point_of_interest,establishment",success
6338,"THE ARC TAMPA BAY, INC.",ChIJj7GpWcXxwogRnlqvBHWDmjk,4.2,45,http://thearctbf.org/,(727) 797-8712,"point_of_interest,establishment",success
8426,Thrive Child Psychology,ChIJowgpsl7xwogRkODgXMC-jBY,5,1,https://www.thrivechildpsych.com/,(727) 746-5812,"health,point_of_interest,establishment",success
9671,Total Vitality Medical Group,ChIJbYvdfxzuwogRNK1F81wbFbI,4.6,239,https://totalvitalitymedical.com/treatments/chiropractor/clearwater/?utm_source=Google&utm_medium=GMB&utm_campaign=Clearwater,(727) 726-1460,"physiotherapist,doctor,health,point_of_interest,establishment",success
8610,TOUCHING LIVES OF TAMPA BAY LLC,ChIJU5JIbz_BwogRAueH0ZiyEL4,4.9,14,,(305) 794-8893,"point_of_interest,establishment",success
9513,Trust Physical Therapy,ChIJVbg83JjzwogR4F80PQ9XYbQ,5,222,http://www.trustphysicaltherapy.com/,(727) 953-3031,"doctor,health,point_of_interest,establishment",success
6367,"UNIVERSAL LIFE CARE ADVOCATES,INC",,,,,,,not_found
9118,UPSIDE LIVING,ChIJq6raR-zwwogRPoMYV0tcGGU,5,2,http://upsidementalfitness.org/,(813) 416-1406,"health,point_of_interest,establishment",success
8929,VENUS E&E LLC,ChIJxwg_35HxwogRPJ92MeCpRGU,4.9,136,http://vnrc.biz/,(727) 859-8125,"home_goods_store,store,general_contractor,point_of_interest,establishment",success
9638,Viapure Wellness Clearwater,ChIJy1_BKuzxwogRG7_TIMLZk3c,5,106,http://viapurewellness.com/,(386) 931-2836,"point_of_interest,health,establishment",success
6449,YARD 58 LLC,ChIJrz2CxTv7wogRmbzN7nIApnE,3,1,,(727) 263-5883,"point_of_interest,establishment",success
9127,YASMINA INC.,,,,,,,not_found
6486,"CARING HEARTS AT WORK LLC
CARING HEARTS AT WORK",ChIJCX6r2ys73YgRBVtinWd7OM4,5,2,http://chandshearts.wixsite.com/homehealth,(863) 440-3125,"health,point_of_interest,establishment",success
9211,Clermont Speech and Language Therapy Center,ChIJCdMYGe6O54gRcJ-rrnXJV44,4.6,20,https://www.clermontspeechlanguage.com/,(352) 432-3960,"health,point_of_interest,establishment",success
10137,Mobility Rehabilitation & Home Healthcare,ChIJ-0ZejYWO54gRe944GKWSD3o,5,432,https://www.mobilityrehabilitation.com/About-Us,(352) 243-4422,"physiotherapist,health,point_of_interest,establishment",success
9112,"SUPREME SENIOR LIVING
AMOY'S CARE & TRANSPORTATION SERVICES",ChIJ5wZaXwWP54gR2tSXUCV96j8,4.3,27,https://www.hunttraceseniorliving.com/,(352) 394-5549,"point_of_interest,health,establishment",success
6972,Brevard Christian Early Intervention Center - 5500 N Cocoa Blvd,ChIJDbYce8yt4IgRKsKVj48Ba4Y,,,http://www.brevardchristianeic.org/,(321) 349-0343,"school,point_of_interest,establishment",success
6061,"BREVARD CO. BOARD CO. COMMISSIONERS
SPACE COAST AREA TRANSIT",ChIJlzEJPd4B3ogRV667amjxO3U,3.8,375,http://www.321transit.com/,(321) 633-1878,"car_rental,point_of_interest,establishment",success
5965,"DR. KRISTA GREENFIELD, PSYD",ChIJKwC4b8imsQ0RX8zHcHEbkv4,,,https://drgreenfield.com/,(321) 345-9809,"health,point_of_interest,establishment",success
9598,Back In Action - Coconut Creek,ChIJ9Vvb-GgD2YgRhhLNAHxGjEc,4.6,32,https://baylifept.com/location/physical-therapy-coconut-creek-fl/,(954) 833-1422,"physiotherapist,point_of_interest,health,establishment",success
9498,Bolduc Physical/Aquatic Therapy & Sports Medicine,ChIJcSy-S1_f2IgReDIUoo6ror8,4.8,26,http://www.bolducpt.com/,(561) 752-3820,"health,point_of_interest,establishment",success
6876,Coconut Creek Therapy - 1315 Lyons Rd,ChIJN50NQJcE2YgRLl4DVayzf68,4.8,44,http://www.coconutcreektherapy.com/,(954) 972-1200,"health,point_of_interest,establishment",success
6395,"ENHANCED LIVING CONSULTANTS, INC
E 7 B ALF, INC",ChIJRbc7pbTY2IgROmNSETEdBoY,5,13,,(561) 939-4929,"point_of_interest,establishment",success
9830,Just for Kidz Therapy - 4903 Nw 55th Blvd,ChIJ__9TOEMb2YgRhct-g5JBZD4,,,https://www.justforkidztherapy.com/,(561) 288-0512,"point_of_interest,health,establishment",success
8439,Posture Police,ChIJF-Vr39ga2YgRmpRkpelWQVI,4.9,30,http://posturepd.com/,(754) 799-8559,"health,point_of_interest,establishment",success
6313,"SCHOTT MEMORIAL CENTER, INC.",ChIJ62VBWFCm2YgRZpaql4Kp0Gc,5,25,https://www.schottcommunities.org/,(954) 434-3306,"church,place_of_worship,point_of_interest,establishment",success
6315,"SPECTRUM LIFE CARE SERVICES, INC.",ChIJPSdpw62n2YgRFgo8Mhk10FE,4.5,8,https://www.spectrumlifecare.com/,(866) 628-8476,"health,point_of_interest,establishment",success
6437,THREE HEARTS ADT LLC,ChIJmYHSj4Wn2YgRTL63W4wKYdQ,4.3,7,,(954) 533-7180,"point_of_interest,establishment",success
9688,Baptist Health Physical Therapy & Rehabilitation | Coral Gables,ChIJ21MBdwDI2YgRgj9vSLmVjhw,4.7,106,https://baptisthealth.net/locations/physical-rehabilitation-centers/baptist-health-physical-therapy-and-rehabilitation---coral-gables?utm_source=yext&utm_medium=google&utm_campaign=listing&y_source=1_MTIwNTAzMTAtNzE1LWxvY2F0aW9uLndlYnNpdGU%3D,(786) 308-2000,"health,point_of_interest,establishment",success
9335,Children In Motion,ChIJYaqzqO_H2YgRAi4ct8qjpgk,4.1,10,http://childreninmotion.net/,(305) 668-3596,"health,point_of_interest,establishment",success
9175,CommuniKids Miami Speech Therapy,ChIJibmuw-my2YgRm2fdWWeO9zo,5,8,https://communikidsmiami.com/,(305) 343-8177,"health,point_of_interest,establishment",success
9614,Coral Gables Physical Therapy,ChIJ0QrHjnW32YgRna54ctU0o1g,4.7,23,https://www.pinecrestpt.com/,(305) 441-5258,"health,point_of_interest,establishment",success
9176,Florida Rehab Professionals,ChIJtSLTeJC32YgR9Lxa1-UHWcM,5,4,https://www.floridarehabspeech.com/,(305) 446-1098,"health,point_of_interest,establishment",success
8823,JAIROS MEDICAL EQUIPMENT,ChIJ3bm1S5m32YgRI3wXbAKjaJM,4.6,24,http://www.jairosmedical.com/,(305) 529-9976,"health,point_of_interest,store,establishment",success
9814,Physical Therapy Now Coral Gables,ChIJYeCaipW32YgRcpHYE7ZEfSU,4.7,113,https://www.physicaltherapynow.com/coral-gables/,(305) 615-1628,"physiotherapist,health,point_of_interest,establishment",success
7995,RIVERA Performance & Recovery,ChIJozfel7i32YgR_NF7K7rrLLQ,5,180,http://www.rivera.biz/,(305) 850-1247,"physiotherapist,health,point_of_interest,establishment",success
9421,Rm Physio miami,ChIJSdDpPbS32YgRRX0nHjYCJ2Q,5,165,http://www.rmphysio.com/,(786) 587-4481,"health,point_of_interest,establishment",success
9613,USA Sports Therapy Coral Gables,ChIJge7KU-7H2YgRbYAIDTmDORA,4.9,118,https://usasportstherapy.com/locations/coral-gables/,(305) 420-5682,"physiotherapist,health,point_of_interest,establishment",success
8459,Adora Care Injury and Wellness Center,ChIJDZi-Bagb2YgRUr3aDlW-Cek,5,111,http://www.adoracarefl.com/,(786) 998-6868,"health,point_of_interest,establishment",success
10289,AIM Rehab Services - Physical Therapy,ChIJ_8HaDXAF2YgRHNhp6TPRPVU,4.8,23,https://aimrehabservices.com/,(754) 702-3704,"physiotherapist,health,point_of_interest,establishment",success
10246,Aspen Rehabilitation,ChIJWZLF7EsF2YgRqcOM4jT8vg0,4.8,135,https://aspenrehab.com/location/physical-therapy-coral-springs-fl/,(954) 799-4895,"physiotherapist,health,point_of_interest,establishment",success
9592,Back To Mind Chiropractic - Coral Springs,ChIJOQDJJg8F2YgRgQL1cIYnRlc,5,296,https://backtomind.com/coral-springs-chiropractor/?utm_source=google&utm_medium=gmb&utm_campaign=seo,(954) 620-7478,"physiotherapist,point_of_interest,doctor,health,establishment",success
8574,Bayview Therapy - Coral Springs,ChIJEZHgzV8b2YgRHo3MxxTFl3s,4.8,18,https://www.bayviewtherapy.com/,(954) 391-5305,"doctor,health,point_of_interest,establishment",success
9594,Bounce Back Physical Therapy,ChIJaX2DaikF2YgRpa1XlL6YBQY,5,104,https://www.bounceback-physicaltherapy.com/,(954) 688-9347,"physiotherapist,health,point_of_interest,establishment",success
8458,Brighter Life Psychiatry,ChIJC5cY938b2YgR0kah4GcF7U4,5,16,https://brighterlifepsychiatry.com/,(786) 453-7956,"point_of_interest,health,establishment",success
8579,Caring Therapists,ChIJKSQ5c18F2YgRczZT-LROcw8,5,3,https://caringtherapists.com/,(954) 378-5381,"health,point_of_interest,establishment",success
9422,Champion Chiropractic,ChIJfbnawz4F2YgRexIHb_XRIkw,5,193,http://championchiropractic.com/,(954) 228-4635,"health,point_of_interest,establishment",success
9440,ChiroCare of Florida Injury and Wellness Centers,ChIJvZZNH6sc2YgRVGrMZxV5P-8,4.9,150,https://chirocareflorida.com/locations/coral-springs/,(954) 951-8009,"health,point_of_interest,establishment",success
9738,"Coastal Wellness Centers, Inc.",ChIJWWNW80sF2YgR79XRjiI2Jac,5,11,https://www.coastalwellnessfitness.com/,(954) 752-2950,"physiotherapist,health,point_of_interest,establishment",success
9974,CORA Physical Therapy Coral Springs,ChIJk3Dcwz4F2YgRa7FOAQ_OrQE,4.8,340,https://www.coraphysicaltherapy.com/location/coral-springs-florida/,(954) 227-3711,"physiotherapist,health,point_of_interest,establishment",success
9318,DACARE ABA CENTER,ChIJeY_8edUb2YgRCuz9nXz0Els,4,16,https://dacare.net/,(954) 228-5616,"health,point_of_interest,establishment",success
7166,Dr. Gs Urgent Care Coral Springs FL,ChIJzZ6NlP0F2YgR3kO9FDpfodU,4.5,1361,https://www.drgsurgentcare.com/locations/coral-springs-fl/,(561) 330-9363,"pharmacy,doctor,health,store,point_of_interest,establishment",success
10052,Extended Kids Care (PPEC),ChIJiShFmakF2YgRghzVhbWOeq8,5,7,https://www.extendedkc.com/,(754) 241-5305,"hospital,health,point_of_interest,establishment",success
9731,Florida Spine & Wellness Group,ChIJ5dmNC84c2YgRYY1vIcTK4QE,4.9,71,http://www.floridaspineandwellness.com/,(954) 466-5323,"health,point_of_interest,establishment",success
9739,FYZICAL Therapy & Balance Center Coral Springs,ChIJi-At134F2YgRuEgUF7mhC-4,4.8,64,https://www.fyzical.com/coral-springs-fl/,(954) 779-4549,"physiotherapist,health,point_of_interest,establishment",success
7174,Genesis Counseling Coral Springs,ChIJT-NDHMsF2YgRF9CKBtYqgyQ,4.7,30,http://www.genesiscounselingflorida.com/,(561) 408-1098,"health,point_of_interest,establishment",success
9226,Grove Communication Therapy - 7650 Live Oak Dr,ChIJq6o6kysb2YgREyN-OlWQvZk,,,http://www.grovecommunicationtherapy.com/contact,(754) 444-1180,"health,point_of_interest,establishment",success
9563,Health Rehab,ChIJETillD8F2YgRsE5BW10BcxQ,4.9,323,http://www.healthrehab.com/,(954) 255-1515,"physiotherapist,health,point_of_interest,establishment",success
7642,Let's Talk Psychiatry,ChIJVVWF1RQF2YgRkI3RgTLEgVI,4.9,33,https://www.letstalkpsychiatry.com/,(954) 546-3142,"hospital,point_of_interest,health,establishment",success
9888,"Mobile Therapy Group, LLC - Coral Springs",ChIJEc5zi5sb2YgR994UjMjv2l0,5,13,https://www.mobiletherapygroup.com/,(561) 461-5343,"health,point_of_interest,establishment",success
9278,Nationwide Therapy Group,ChIJtxxQI9YE2YgRIytuzRnx_eI,5,12,https://www.nationwidetherapygroup.com/,(205) 588-8700,"health,point_of_interest,establishment",success
9300,OTogether - Pediatric Occupational Therapy,ChIJ0dE-2IkF2YgR9CJhh6nJWGA,4.5,8,https://otogether.org/,(954) 408-8145,"health,point_of_interest,establishment",success
9601,Pain Management Physicians of South Florida,ChIJ50Mzi4AF2YgRQ_SEHqjgzE0,4.5,57,https://pmpsf.com/,(954) 975-8233,"physiotherapist,doctor,health,point_of_interest,establishment",success
9392,Pediatric Potentials Therapy,ChIJ0VwalSUb2YgR6yZEKGV0XnY,4.1,13,http://www.pediatricpotentialstherapy.com/,(954) 509-3776,"health,point_of_interest,establishment",success
9679,Physical Therapy Group of Florida - Coral Springs,ChIJawBW95cF2YgRcqrEIG4B1fA,5,86,https://www.physicaltherapygroupofflorida.com/,(754) 309-9194,"physiotherapist,doctor,health,point_of_interest,establishment",success
9802,Physical Therapy Now Coral Springs,ChIJ6SxuZd0b2YgRBWIVznuvL58,4.9,31,https://www.physicaltherapynow.com/coral-springs/,(954) 866-2770,"physiotherapist,health,point_of_interest,establishment",success
10350,PIONEER NURSING SERVICES INC,ChIJ8V7Wb9UE2YgRHh9SjfJrQt8,,,https://www.pioneernursing.com/,(954) 796-0588,"health,point_of_interest,establishment",success
9677,Pohlman Pain Associates,ChIJlVYEOSEF2YgRP36836vrqy4,4.9,325,https://www.pohlmanpainassociates.com/,(754) 209-0289,"physiotherapist,doctor,health,point_of_interest,establishment",success
9425,Priority Medical & Rehab Centers,ChIJD8nrNq8a2YgR-wrbvnQO21Q,4.8,51,http://www.prioritymedicalrehab.com/,(954) 346-5750,"doctor,health,point_of_interest,establishment",success
9207,Professional Speech Associates,ChIJPUA-BSYb2YgRSC_rXlG31RY,4.4,9,http://profspeechcs.com/,(954) 227-8255,"health,point_of_interest,establishment",success
9597,Ruggiero Sports Medicine & Injury Institute,ChIJmdYMQMIa2YgRkwmW0Bviz_k,5,16,http://drnicholasruggiero.com/,(954) 753-3910,"hospital,health,point_of_interest,establishment",success
7584,Select Physical Therapy - Coral Springs - The Walk,,,,,,,not_found
7600,Select Physical Therapy - Coral Springs Sample Road,ChIJRaDIZUoF2YgRdQ8TRRzV14Y,4.9,118,https://www.selectphysicaltherapy.com/contact/find-a-location/fl/coral-springs/coral-springs-sample-road/?ty=xt,(954) 344-7771,"doctor,health,point_of_interest,establishment",success
9590,Smart Fitness,ChIJDTDWZ0oF2YgRFBgWNE_JkqU,5,24,http://www.smartfitcoaching.com/,(954) 610-9160,"physiotherapist,gym,health,point_of_interest,establishment",success
9748,Specific Care Chiropractic - Coral Springs,ChIJLxSarNkF2YgRD3D4WwdpdR0,5,68,https://www.sc-chiro.com/?utm_source=google&utm_medium=organic&utm_campaign=gmb-listing-coral-springs,(239) 369-9109,"physiotherapist,doctor,health,point_of_interest,establishment",success
9589,The Neck and Back Pain Institute,ChIJa5VJsU0F2YgRk4asU5rvC84,4.6,29,http://www.wehelpwhenyouhurt.com/,(954) 575-4045,"point_of_interest,doctor,health,establishment",success
8497,The Spine and Wellness Centers of Coral Springs,ChIJH-vjWQoQ2YgRmiPioFJ45C8,4.9,413,https://www.tsawc.com/,(954) 341-2256,"physiotherapist,point_of_interest,health,establishment",success
10107,"Therapies 4 Kids, Inc.",ChIJgznqDvj92IgRWuVrBrDaZrU,2.5,16,http://www.therapies4kids.com/,(954) 356-2878,"health,point_of_interest,establishment",success
8332,Thriveworks Counseling & Psychiatry Coral Springs,ChIJzR7-y6MF2YgRQhWpBP-F5wg,4.9,125,https://thriveworks.com/coral-springs-counseling/?utm_source=GMBlisting&utm_medium=organic&field:8499441=GMB,(561) 771-5838,"doctor,health,point_of_interest,establishment",success
6179,CENTRAL FL CLINIC FOR REHAB.,ChIJzS9wb8pB6IgRHZfzj68tdPo,3.2,23,,(352) 795-4114,"physiotherapist,health,point_of_interest,establishment",success
6197,"CONNEXT CARE
CONNEXT CARE, LLC",ChIJlZFZ8T9w54gR7ngIztInEts,2.2,6,http://www.homecareconnect.com/,(855) 223-2228,"point_of_interest,health,establishment",success
6057,"REST ASSURED HOME CARE, LLC",ChIJfRYFmpjD2YgRzGc3idB2aIs,5,1,http://respitecareservicescutlerbay.com/,(786) 550-5991,"health,point_of_interest,establishment",success
9792,"S.L.B. THERAPY, INC.",ChIJLb6Z2YjD2YgRufqmGJjYm9A,5,1,https://www.slbtherapy.com/?utm_source=google&utm_medium=wix_google_business_profile&utm_campaign=2275553604647576270,(305) 378-5775,"point_of_interest,health,establishment",success
5794,"TRINITY PHYSICAL THERAPY, INC",ChIJ83UO9CdC8IgRvnlfdH7d_Rs,5,4,,(912) 375-2009,"physiotherapist,health,point_of_interest,establishment",success
6244,"ANGELS UNIQUE, LLC",ChIJ-UvV3FhT3YgRD0me6SrVVAo,3,2,http://www.waiverweb.com/angels_unique.html,(352) 523-1111,"health,point_of_interest,establishment",success
6013,UNDERSTANDING BEHAVIOR FOCUS CENTER,ChIJP3oBJrT5IA0RHv8lK9axm2c,5,6,http://ltpge.com/,(352) 437-3559,"health,point_of_interest,establishment",success
6156,ADVANCED HEALTH PHYSICAL THERAPY INC,ChIJAzrUJ2Go2YgR7OxF7yzd9wQ,5,26,http://www.asptphysicaltherapy.com/,(954) 556-8633,"physiotherapist,health,point_of_interest,establishment",success
9805,CORA Physical Therapy Dania Beach,ChIJZeuQjViq2YgR_-C8ECTTz50,4.6,94,https://www.coraphysicaltherapy.com/location/dania-beach-florida/,(954) 920-5050,"physiotherapist,health,point_of_interest,establishment",success
9310,Florida Hand Therapy & Rehab,ChIJH6KxTEWq2YgRuPcPfIBqUI0,5,114,http://www.floridahandtherapy.com/,(954) 674-2480,"health,point_of_interest,establishment",success
8987,ANGELS OF HOPE HOME CARE LLC,ChIJFR7jFqaj54gR35JqEYjY5Pk,3.9,9,https://angelshomecarefl.com/,(352) 729-5459,"health,point_of_interest,establishment",success
8118,Acquiring Skills Inc,ChIJZ6trRlyo2YgRLDw8VCVkdUg,,,https://www.acquiringskills.com/,(561) 523-2011,"health,point_of_interest,establishment",success
9585,"Advanced Sports Physical Therapy, Inc.",ChIJAzrUJ2Go2YgR7OxF7yzd9wQ,5,26,http://www.asptphysicaltherapy.com/,(954) 556-8633,"physiotherapist,health,point_of_interest,establishment",success
9583,Ageless Agility Performance and Sport Rehabilitation,ChIJ__-vFcKp2YgRzMMl9ZX0syY,5,21,https://www.agelesspt.com/,(954) 519-5404,"health,point_of_interest,establishment",success
9740,Alkeme Sports Rx,ChIJszDUJ2Go2YgRfrB1Px4-JZM,5,603,http://www.alkemesportsrx.com/,(954) 800-5826,"physiotherapist,point_of_interest,doctor,health,establishment",success
9429,Atlas Physical Therapy and Wellness,ChIJp3S_e1-p2YgRFKCPrf3q5I4,5,37,http://atlasptrehab.com/,(954) 900-3484,"point_of_interest,health,establishment",success
10110,Big Bear Academy PPEC Broward - Medical Daycare,ChIJq56fdt2p2YgRqk61mIc4JPU,5,11,http://www.bigbearacademyppec.com/,(954) 487-1663,"health,point_of_interest,establishment",success
7634,Broward Therapy Group,ChIJJUiQdhgE2YgRHSrnS_sOp1g,,,https://www.browardtherapygroup.com/contact,(954) 526-4437,"health,point_of_interest,establishment",success
7809,Caring Therapists of Broward,ChIJP3gRdJCo2YgRwWhxldIu3a8,4.7,109,https://caringtherapists.com/,(954) 378-5381,"point_of_interest,health,establishment",success
6319,CONNECTING HEARTS IN FLORIDA INC.,ChIJfTbNzDip2YgR-afHviU1inI,5,15,https://www.connectingheartsfl.com/,(954) 999-5989,"school,point_of_interest,establishment",success
9868,CORA Physical Therapy Davie,ChIJ_d1m6Wyo2YgR_Wp52Dw29CY,4.5,102,https://www.coraphysicaltherapy.com/location/davie-florida/,(954) 252-8900,"physiotherapist,health,point_of_interest,establishment",success
9728,"Fix It Physical Therapy, LLC Davie, FL",ChIJa_re5_Cp2YgRSTr0TzGyhrE,5,433,https://fixitphysical.com/about-us/,(954) 368-4598,"health,point_of_interest,establishment",success
5782,Hand & Arm Therapy Specialists,ChIJGRnlBp2s2YgR_3mq60C9PQQ,5,20,http://handarmtherapy.com/,(954) 454-3445,"point_of_interest,health,establishment",success
6155,"JESSICA M BOOTH MS CCC-SLP & ASSOCIATES, PA",ChIJxal1OMyp2YgRuZXS59rkdE8,4.1,17,http://jessicamboothpa.com/,(954) 319-7609,"health,point_of_interest,establishment",success
10114,Language Link Therapy,ChIJZ-wLgnWo2YgRmeXUzQo84kg,3.4,17,https://www.therapyfl.com/,(954) 689-0730,"physiotherapist,health,point_of_interest,establishment",success
8770,LEAP HEALTH CARE SOLUTIONS,ChIJX3B9oUNbwokRhCAGxk2D0jM,5,2,https://leaphealth.ai/,(934) 888-5327,"point_of_interest,establishment",success
9867,NeuroFit360,ChIJ36XHAKCh2YgRmMHO-dgBXBI,5,32,http://www.neurofit360.com/,(954) 252-8020,"physiotherapist,doctor,health,point_of_interest,establishment",success
9676,People First PT,ChIJiUz6lGyo2YgRSqA7X9vYv2M,5,52,http://www.peoplefirstpt.com/,(754) 206-3772,"health,point_of_interest,establishment",success
9973,Prevention Physical Therapy - 3340 Overlook Rd,ChIJObT40vyn2YgRef6IIpDpfl4,,,http://www.preventionpt.com/,(954) 224-2649,"physiotherapist,health,point_of_interest,establishment",success
9907,Coastal Healthcare Partners - Daytona Beach,ChIJa74-BPTZ5ogRbfCi6wtVHHg,4.5,26,https://www.coastalhealthcarepartners.com/,(386) 256-3520,"physiotherapist,doctor,health,point_of_interest,establishment",success
8529,Community Partnership for Children,ChIJPSNzu3Eb54gRhdvFl1l3I_k,2.8,25,http://www.communitypartnershipforchildren.org/,(386) 238-4900,"point_of_interest,establishment",success
8531,Crunch Fitness - Daytona Beach,ChIJCXbUNvTZ5ogRMJauQzfA9hE,4.5,404,https://www.crunch.com/locations/daytona-beach,(386) 293-0310,"gym,point_of_interest,health,establishment",success
8056,Ethos Health Group - Daytona Beach,ChIJFSotYWHZ5ogRYq_ur87mD0I,4.9,85,http://ethoshealthgroup.com/,(352) 433-0898,"health,point_of_interest,establishment",success
7679,Seabreeze Counseling Center LLC,ChIJG18Fs9fb5ogRbXHRUTMB7P4,5,16,http://www.seabreezecounselingcenter.com/,,"health,point_of_interest,establishment",success
6230,"SMA HEALTHCARE, INC.",ChIJZfj-VPDf5ogRBclh87MMBLQ,3.1,51,http://www.smahealthcare.org/,(800) 539-4228,"health,point_of_interest,establishment",success
6074,SUNRISE COMMUNITY OF NORTHEAST FLORIDA INC,ChIJoy3i_fnb5ogR5PzBcy_8TzA,4,2,https://sunrisegroup.org/,(386) 274-6474,"point_of_interest,establishment",success
8272,"The Children's Lung, Asthma and Sleep Specialists",ChIJGWM2K1nZ5ogRbsuqQ7b8bQA,4.8,320,http://www.childrenssleeplab.com/,(407) 898-2767,"doctor,health,point_of_interest,establishment",success
7536,Wolfson Children's Specialty Center - Daytona - 601 N Clyde Morris Blvd,ChIJ_y6FmwbZ5ogRcAToGBruO-s,,,https://www.wolfsonchildrens.com/locations/daytona,(904) 202-8550,"hospital,health,point_of_interest,establishment",success
7111,AdventHealth Sports Med & Rehab Victoria Park,ChIJ_3wdXeob54gRTznVXk_iuUc,5,203,https://www.adventhealthrehabilitationeastfl.com/,(386) 943-4690,"health,point_of_interest,establishment",success
8953,COMFORT HOME CARE AGENCY LLC,ChIJzaUaLw1y54gRqgwMpLoev30,4.9,72,http://www.comforcare.com/greater-Orlando,(407) 406-5902,"health,point_of_interest,establishment",success
6077,DIVINE CHOICE HOME HEALTH AGENCY LLC,ChIJAQCQWJwb54gRb1aJVpmp3Ko,5,3,,(386) 873-2021,"health,point_of_interest,establishment",success
8868,"DUVALL HOMES, INC",ChIJcZiMWCYD54gR2JS9OtU-HwM,4.1,17,http://www.duvallhomes.org/,(386) 734-2874,"point_of_interest,establishment",success
9212,Easterseals/Early Steps North Beaches,ChIJr3mkh2Yb54gROALEfEhsr1Y,4.2,5,https://www.easterseals.com/necfl/programs-and-services/childrens-services/early-steps-north-beaches.html,(386) 873-3658,"point_of_interest,establishment",success
10038,FYZICAL Therapy and Balance Centers of Deland,ChIJydLK3Fgb54gRaZDHDHI8ukY,4.7,83,https://fyzical.com/deland,(386) 736-3108,"health,point_of_interest,establishment",success
10255,Restorative Speech Services Inc. - Deland,ChIJJzQzsL0b54gRF6BKMV8fOxM,5,53,https://restorativespeechservicesinc.clientsecure.me/,(352) 462-3114,"health,point_of_interest,establishment",success
7677,Saafe Behavioral Services,ChIJWyKsV30b54gRpCXOmhhKpgE,4.4,822,http://saafebhs.com/,(386) 873-2963,"doctor,health,point_of_interest,establishment",success
6073,STAR RISE HOME CARE LLC,ChIJl7Hz7zUb54gR_kaQqZvf7DI,4.8,16,https://www.rightathome.net/deland/?utm_source=google&utm_medium=local&utm_campaign=localmaps&utm_content=1612,(386) 279-0493,"health,point_of_interest,establishment",success
8530,Think Speech LLC,ChIJp1HacG0R54gRCEFA6XSvoQ0,,,http://www.thinkspeechllc.org/,(386) 244-9519,"health,point_of_interest,establishment",success
6455,"MERRICARE COMMUNITY INTEGRATED SERVICES, INC",ChIJ__8_ujtM4okR9uHNeRwWbXE,3.6,9,http://cisnh.org/,(603) 836-4400,"point_of_interest,establishment",success
8771,"OUR OPEN ARMS, LLC",ChIJVypM5Drn2YgRFMFopmoaYPQ,4.6,294,http://openarmscommunitycenter.org/,(305) 263-3259,"lawyer,point_of_interest,establishment",success
6183,RAMOS DONNA M,,,,,,,not_found
9983,Ability Rehabilitation - Deltona,ChIJz-nySSkX54gRSOMKXjXKZW8,4.9,290,https://abilityrehabilitation.com/locations/deltona-clinic/,(386) 851-0901,"physiotherapist,health,point_of_interest,establishment",success
6079,BECAUSE OF YOU LLC,ChIJaaaGL_4R54gROsEXnoSrJsY,5,1,,(407) 301-4317,"health,point_of_interest,establishment",success
8493,Behavioral foundation Centers,ChIJiUhMpREV54gRSBZuQxucriQ,3.4,16,http://behavioralfoundation.org/,(904) 878-8683,"health,point_of_interest,establishment",success
10148,Brooks Rehabilitation Outpatient Clinic - Deltona,ChIJAW5UQxIb54gRcEf3aprhpLY,4.8,25,https://brooksrehab.org/locations/physical-therapy-deltona/?utm_source=listings&utm_medium=organic&utm_campaign=yext&utm_content=deltona,(386) 425-6800,"health,point_of_interest,establishment",success
6075,"CARED4 HEALTH LLC
CARED4 HEALTH LLC",ChIJ4TGHAhvV54gRIXYqVkKczAY,5,2,https://cared4-health.com/,(386) 289-9807,"health,point_of_interest,establishment",success
8984,EXCEPTIONAL CARE WITHIN YOUR REACH INC,ChIJAQAwTmwR54gRSPqDplpASsQ,5,14,https://exceptionalinstitute.org/application/,(386) 235-4026,"point_of_interest,establishment",success
8912,DEVELOPING NEW HORIZONS,ChIJu8-EChW52YgRBxyV7r4q51s,4.9,404,http://www.dnhinc.org/,(305) 310-4292,"school,point_of_interest,finance,establishment",success
9386,Exceptional Speech Therapy,ChIJMzXTaH652YgRaIiMtjwXiN8,4.8,197,http://www.exceptionalspeechtherapy.com/,(786) 717-5649,"health,point_of_interest,establishment",success
6158,KID CARE RESPIRATORY SERVICES CORP,,,,,,,not_found
10002,Kids Therapy Connection Doral - 2500 Nw 107th Ave,ChIJHyLfpxe72YgRpyAtQ3xEmr0,,,http://www.kidstherapyconnection.com/,(305) 799-1309,"physiotherapist,health,point_of_interest,establishment",success
9811,OTWellness Therapy Solutions,ChIJV_Rten652YgRLcZEdK6A3I8,4.6,10,http://www.otwellness4u.com/,(305) 591-4181,"physiotherapist,health,point_of_interest,establishment",success
9385,"SLP Miami Therapy, Inc.",ChIJAQBA3Ha52YgRSkDqddapH5w,4.8,56,https://slpmiamitherapy.com/contact-us/,(786) 703-8914,"health,point_of_interest,establishment",success
6008,"WE CARE HOME SERVICES, INC",ChIJc8CI9D652YgRhoR4lfwNFVQ,5,6,https://wecarehs.com/,(305) 465-0804,"health,point_of_interest,establishment",success
6137,BLESSED HOME CARE LLC,ChIJP9sy1pirbIgRwTmePMQcH1Y,5,1,https://blessedhomescare.com/,(317) 334-5331,"health,point_of_interest,establishment",success
9700,Extra Mile Rehab and Performance,ChIJMd2QvfbzwogRksXElx5czKs,5,50,https://emrap.bereahl.com/,(813) 551-2535,"point_of_interest,health,establishment",success
6505,NEVCP LLC,,,,,,,not_found
9156,"NHIEL PITOGO DELA TORRE
GROUP HOME PROVIDER",ChIJz8F5BHDxwogRoAeSkYcExyI,4.7,228,https://vfwpost2550.org/,(727) 733-6107,"point_of_interest,establishment",success
5785,"OPEN ARMS CARE, LLC",ChIJpUOfgjA674gRAapAG_7J63A,4.9,10,http://www.withopenarmshc.com/,(386) 319-0580,"point_of_interest,health,establishment",success
9537,Peak Movement Physical Therapy,ChIJqRLBgBLxwogRCzR7ryGyIKQ,5,63,http://www.peakmovementpt.com/,(850) 228-1305,"health,point_of_interest,establishment",success
10173,PT Solutions of Dunedin,ChIJh5zew2LzwogRR9NzuX8VYNI,4.9,371,https://ptsolutions.com/find-a-clinic/fl/dunedin/dunedin/?utm_source=google&utm_medium=organic&utm_campaign=GMB-PT-Solutions-Dunedin&utm_content=listing,(727) 250-1273,"physiotherapist,health,point_of_interest,establishment",success
6406,TRUSTED HEALTHCARE SOLUTIONS INC.,ChIJ0YtC9s0Xw4gRaJqnBRwibDU,,,https://trustedhealthcaresolution.com/contact/,(941) 212-2060,"point_of_interest,health,establishment",success
9288,Core Pediatric Therapy,ChIJMW1qhLw_24gREC09QslYfBE,5,15,https://corepediatrictherapy.com/,(305) 985-0065,"health,point_of_interest,establishment",success
9362,SWFL Therapy Services,ChIJ4QV2FoMX24gR2_vObpF118I,,,http://www.swflspeechtherapy.com/,(239) 400-1705,"point_of_interest,health,establishment",success
9187,The Language Loft,ChIJh5LX2twW24gRDd50BLngpzs,5,20,https://thelanguageloft.com/,(239) 400-4221,"health,point_of_interest,establishment",success
8943,"BEHAVIORS PLUS, INC",ChIJ4Ywsny6j54gRLkTgIEsgtjs,,,,(352) 602-4075,"point_of_interest,establishment",success
8851,C.Y.B. INC.,ChIJp_H4KD6g54gRS67qu-Vaz7A,4.5,2,https://johnson-built.com/,(407) 383-5454,"general_contractor,point_of_interest,establishment",success
8642,GENTLE HOME CARE OF CENTRAL FLORIDA,ChIJFR7jFqaj54gR35JqEYjY5Pk,3.9,9,https://angelshomecarefl.com/,(352) 729-5459,"health,point_of_interest,establishment",success
7575,Island Cove Behavioral Pediatrics,ChIJz-ilo25NKQARb8tKwe4TpIs,4.9,7,http://islandcovebehavioralpediatrics.com/,(904) 852-4063,"health,point_of_interest,establishment",success
10235,Wolfson Children's Rehabilitation - Wolfson Childrens Specialty Center - Baptist Clay,ChIJRVApfLTa5YgR4x70tM42ql0,4.2,17,https://www.wolfsonchildrens.com/services/rehabilitation,(904) 516-1800,"point_of_interest,health,establishment",success
10004,Wolfson Children's Specialty Center - Baptist Clay,ChIJwxP9CLfb5YgR0GtsQzouKSY,4.2,5,https://www.wolfsonchildrens.com/locations/clay,(904) 202-8000,"hospital,health,point_of_interest,establishment",success
8962,Abacus Therapies - ABA Therapy for Kids,ChIJIz2C7_ID2YgRb5ZtkI8j1NQ,5,11,https://abacustherapies.com/aba-therapy/broward/,(954) 400-3251,"health,point_of_interest,establishment",success
9580,AccuCare Physical Therapy,ChIJISCf2-8H2YgRuweSA1-RAUQ,5,17,http://www.accucare.net/,(954) 472-7526,"physiotherapist,health,point_of_interest,establishment",success
6324,ANN STORCK CENTER INC,ChIJ2eOSskMH2YgR7UP8e4MOqII,4.1,51,http://annstorckcenter.org/,(954) 584-8000,"physiotherapist,health,point_of_interest,establishment",success
7587,Aries Physical Therapy - Fort Lauderdale - 1115 E Sunrise Blvd,ChIJTbkca8e32YgRjvYM8y5BpSA,5,297,http://ariesphysicaltherapy.com/,(954) 247-4929,"physiotherapist,health,point_of_interest,establishment",success
7596,Aries Physical Therapy - Fort Lauderdale - 6290 N Federal Hwy,ChIJK6GTl-kD2YgRfq1fjk0RAiY,5,83,http://ariesphysicaltherapy.com/,(954) 302-8746,"health,point_of_interest,establishment",success
9432,Ascend Physiotherapy & Performance,ChIJex4TQU8B2YgRTQp7iToNR08,5,53,https://ascendptp.com/,(954) 939-0071,"physiotherapist,health,point_of_interest,establishment",success
9742,AVION Sports Rehab,ChIJ1V8FVVJkhYURmD1dWfwe8xA,5,254,https://www.avionphysicaltherapy.com/?utm_source=google&utm_medium=wix_google_business_profile&utm_campaign=12674160941414816665,(954) 902-5150,"physiotherapist,doctor,gym,health,point_of_interest,establishment",success
9587,Back To Health Physical Therapy,ChIJsTYMhvkB2YgRhGqkFf74nPk,4.9,116,https://www.backtohealthpt.com/,(954) 565-0075,"physiotherapist,point_of_interest,health,establishment",success
9950,Bolanos Associates Comprehensive Therapy Solutions,ChIJ4dOAGQan2YgRmL0YffCB12k,4.9,165,https://www.bolanosassociates.com/,(786) 259-0300,"physiotherapist,health,point_of_interest,establishment",success
6356,CAMPO VALDES ALGOS,ChIJs-vJ_OIB2YgRFns8jNdGncQ,5,31,https://www.hectorvaldesteam.com/,(305) 490-8519,"real_estate_agency,point_of_interest,establishment",success
8580,Caring Therapists of Fort Lauderdale,ChIJmau37noB2YgR2nzOf5RvfP0,4.9,21,https://caringtherapists.com/,(954) 378-5381,"health,point_of_interest,establishment",success
9240,Children's Love Corp - 2929 E Commercial Blvd Ph-B,ChIJs8g7V8ED2YgRqxo9U5RGNyc,,,https://childrenslove.care/,(954) 508-1256,"health,point_of_interest,establishment",success
9595,Clear Choice Physical Therapy,ChIJyfbFN3AC2YgRRT8LTCqoYKI,5,176,http://www.clearchoicept.com/,(954) 697-9451,"physiotherapist,health,point_of_interest,establishment",success
7666,Concentra Urgent Care - Fort Lauderdale,ChIJoUpKq4oA2YgRHbQNLcYLD5A,4.5,1534,http://www.concentra.com/?utm_source=Yext&utm_medium=Organic&utm_campaign=Homepage%20Link,(954) 767-9999,"physiotherapist,health,point_of_interest,establishment",success
7646,Concentra Urgent Care - Ft Lauderdale,ChIJO9xkrrMD2YgRCI_Uqyid_NU,4.7,1743,http://www.concentra.com/?utm_source=Yext&utm_medium=Organic&utm_campaign=Homepage%20Link,(954) 941-6301,"physiotherapist,health,point_of_interest,establishment",success
9870,CORA Physical Therapy Fort Lauderdale,ChIJEXgbDzkH2YgR_ibVfzGoE38,4.8,118,https://www.coraphysicaltherapy.com/location/fort-lauderdale-florida/,(954) 316-1131,"physiotherapist,doctor,health,point_of_interest,establishment",success
8791,DANIA DISC DRUGS INC,ChIJAQAQtFiq2YgRmi7ruK-oVVg,1,1,http://www.daniarexallpharmacy.com/,(954) 921-4661,"pharmacy,health,point_of_interest,store,establishment",success
9239,Darlene Gray MS CCC/SLP,ChIJOXVda3sB2YgR_7ggH35jnCQ,5,4,https://www.darlenegrayslp.com/,(917) 400-7586,"health,point_of_interest,establishment",success
10242,Dr. Physio Therapy & Wellness,ChIJy8LPgHcD2YgRpKUrM1sePqk,5,107,https://doctorphysiotw.com/,(954) 369-5787,"physiotherapist,health,point_of_interest,establishment",success
10384,End Range Performance & Recovery,ChIJ3_2royG12YgRORl0wKsevUs,5,35,https://endrange.janeapp.com/,(850) 445-4622,"physiotherapist,health,point_of_interest,establishment",success
7366,Evolutions Treatment Center - Ft Lauderdale,ChIJUcTc0IoD2YgRhYvBAAbr8MM,4.8,979,https://evolutionstreatment.com/,(800) 795-8527,"point_of_interest,health,establishment",success
9771,Force Physical Therapy - Fort Lauderdale,ChIJ_-kpSpcB2YgRqqFEzdf-5zU,5,101,https://www.forcesportstherapy.com/,(954) 218-0848,"physiotherapist,health,point_of_interest,establishment",success
7594,Fort Lauderdale Psychology Group,ChIJofhzJfUB2YgRmifLDW7qXzQ,4.8,24,https://transformempowersoar.com/,(954) 294-7036,"health,point_of_interest,establishment",success
9202,Ft Lauderdale Health & Rehab,ChIJIfHsWBYC2YgRyxorNr_J2Lg,4.7,541,http://www.ftlauderdalehrc.com/,(954) 771-2300,"health,point_of_interest,establishment",success
7959,"Glory to God Care, PPEC Fort Lauderdale",ChIJ3fYUvrMH2YgRCmoOBSyZwqw,5,30,https://glorytogodppec.com/,(305) 200-5073,"health,point_of_interest,establishment",success
6314,"GOODWILL INDUSTRIES, BROWARD",ChIJIRyp7BYC2YgRWkx1jxXue8s,3.4,289,https://goodwillsouthflorida.org/goodwill-giving/donation-centers/,(954) 486-1600,"point_of_interest,store,establishment",success
9678,Hernandez Therapy Clinic,ChIJNzu96Cao2YgRtCkdnRTxXWM,5,65,https://hdztherapyclinic.com/,(754) 220-6493,"doctor,health,point_of_interest,establishment",success
8512,InBloom Autism Services | Fort Lauderdale,ChIJf75MxtYD2YgR8TAawjnMcf4,4.2,5,https://www.inbloomautism.com/,(888) 754-0398,"health,point_of_interest,establishment",success
9420,Jaguar Therapeutics - Fort Lauderdale,ChIJw8wrSW8A2YgR87gr_n4qPiw,4.8,43,http://jaguartherapy.com/,(954) 909-0899,"health,point_of_interest,establishment",success
7296,LifeStance Therapists & Psychiatrists Fort Lauderdale,ChIJ7x1nzIsD2YgRYUB8y3aRvZs,4.7,139,https://lifestance.com/location/fort-lauderdale-fl-2400-e-commercial-boulevard/?utm_source=gmb&utm_medium=organic&utm_campaign=locations,(754) 243-5650,"doctor,health,point_of_interest,establishment",success
8436,Lighter Living Counseling,ChIJCw0hBZUD2YgRj64qYFw8dgU,5,112,http://www.lighterlivingcounseling.com/,(754) 308-5525,"health,point_of_interest,establishment",success
6173,LYAM FACILITIES CORP,ChIJd_ofOywC2YgR7Ynn23RXCa8,4.9,7,https://www.hlamm.com/,(954) 491-8929,"general_contractor,point_of_interest,establishment",success
9390,Mind & Mobility,ChIJZ0QQ2vYB2YgRFCm6el0oq84,4.9,34,https://www.mindandmobility.com/home-care/fort-lauderdale/,(561) 564-0646,"health,point_of_interest,establishment",success
7208,New Age Psychiatry: Low-Dose Relief,ChIJ4f8f6hcB2YgRZE3EOIuST0Q,4.3,91,https://newagepsychiatry.com/,(561) 713-2788,"point_of_interest,doctor,health,establishment",success
10111,Northstar PPEC,ChIJK4XybjsH2YgRKevUCOBj3yI,5,25,https://www.northstarppec.com/,(954) 530-9154,"hospital,doctor,health,point_of_interest,establishment",success
7668,Oakland Park Rehab Center Plus DOT Exams,ChIJv7acvyIC2YgR4ddqep9Hm6o,5,129,http://www.oaklandparkrehab.com/,(954) 835-5252,"health,point_of_interest,establishment",success
10244,Pediatric Therapy Associates,ChIJgWCapLEH2YgRpe4CWbUFt6k,4,34,http://www.ptatherapy.com/,(954) 583-7383,"physiotherapist,point_of_interest,doctor,health,establishment",success
9604,Physical Therapy Group of Florida,ChIJFTqDEw4C2YgRj-UtrxrSadg,5,515,https://www.physicaltherapygroupofflorida.com/,(954) 994-1861,"physiotherapist,doctor,health,point_of_interest,establishment",success
9877,Physical Therapy Now Fort Lauderdale,ChIJf2-T-mgA2YgRvmPelCc3NoI,5,21,https://www.physicaltherapynow.com/ft-lauderdale-las-olas/,(954) 530-8289,"health,point_of_interest,establishment",success
9878,Physical Therapy Now of Plantation,ChIJb7DjhHcH2YgREV_8J3QXQR4,4.5,24,https://www.physicaltherapynow.com/physical-therapy-now-of-plantation/,(954) 541-9455,"health,point_of_interest,establishment",success
9584,Physical Therapy Plus by the Sea,ChIJm4KhRIr92IgRCJ1M20B1aTY,4.8,61,http://physical-the-sea.jany.io/,(954) 545-4922,"physiotherapist,doctor,health,point_of_interest,establishment",success
9737,PhysicalOne,ChIJofO9whoG2YgRIIie_Vl2ZwA,4.9,689,https://physicalone.com/,(954) 741-2221,"physiotherapist,health,point_of_interest,establishment",success
8483,Prevail Recovery Center - Alcohol & Drug Rehab Florida,ChIJHzQUA-AB2YgRRxT_FtWVjS8,4.8,194,https://prevailrecoverycenter.com/?utm_campaign=prevail_fl_gbp,(866) 604-3339,"health,point_of_interest,establishment",success
10109,Procare Rehab and Wellness Physical Therapy,ChIJNa4lvz0C2YgRWMvVX9ClfHU,5,111,http://procarephysicaltherapys.com/,(954) 446-9178,"health,point_of_interest,establishment",success
7599,Reclamation Center of Fort Lauderdale,ChIJBZUtYvYD2YgRVpUbanbmHGE,4.9,31,http://www.reclamationcntr.com/,(954) 343-6552,"health,point_of_interest,establishment",success
8502,Recovery Unplugged Florida Drug & Alcohol Rehab Fort Lauderdale,ChIJ7QsIX8gB2YgRbPbLEH7g2ac,4.7,243,https://www.recoveryunplugged.com/location/fort-lauderdale/?utm_source=google&utm_medium=gmb&utm_campaign=fortlauderdale,(954) 736-4388,"health,point_of_interest,establishment",success
9582,Revive Physiotherapy,ChIJFQ5CWW8B2YgRXxJWWN1-hXw,5,149,http://www.revivephysiotherapy.com/,(954) 519-4185,"physiotherapist,health,point_of_interest,establishment",success
5839,Rio Vista Wellness Center,ChIJzX7WOloA2YgRI3lKrH2DBqU,4.9,26,https://riovistawellnesscenter.com/,(954) 870-7794,"point_of_interest,health,establishment",success
7636,Santiso Physical Therapy Fort Lauderdale,ChIJdQEWBfoB2YgRS-kzYqVhQwI,4.9,302,https://www.santisopt.com/,(954) 533-5543,"physiotherapist,point_of_interest,health,establishment",success
8498,Select Physical Therapy - Downtown,ChIJdchZM2cA2YgRgXz6j0XYdI0,4.9,86,https://www.selectphysicaltherapy.com/contact/find-a-location/fl/fort-lauderdale/downtown/?ty=xt,(954) 462-6005,"doctor,health,point_of_interest,establishment",success
7669,Select Physical Therapy - East Fort Lauderdale,ChIJLY_p2w4D2YgRYN0B2I7wupQ,5,25,https://www.selectphysicaltherapy.com/contact/find-a-location/fl/fort-lauderdale/east-fort-lauderdale/?ty=xt,(954) 836-8980,"point_of_interest,doctor,health,establishment",success
9391,"SHORS Rehabilitation Services, LLC",ChIJJWeHM7o394gRyMp24g749hs,,,https://www.shorsrehabservices.com/,(954) 332-2489,"point_of_interest,health,establishment",success
9564,SoFloPT REHAB NORTH,ChIJmaoTmoID2YgRzI856ib1iB4,5,21,https://soflopt.com/,(954) 256-9052,"physiotherapist,health,point_of_interest,establishment",success
9605,SoFloPT SPORT,ChIJsy1T51gA2YgRAGHySLR4I_I,5,578,https://soflopt.com/,(954) 256-9052,"physiotherapist,point_of_interest,doctor,health,establishment",success
8772,SONGA E BROWN INC,ChIJAxjryL4D2YgRi31JPwIxGJU,3.3,43,https://www.bbrown.com/us/,(954) 776-2222,"insurance_agency,point_of_interest,establishment",success
8504,Sunshine Kidz Pediatric Care - Ft Lauderdale,ChIJnYYvP2YD2YgRvmBPTT01Y6c,4.7,13,https://sunshinekidzppec.com/,(954) 838-5288,"hospital,health,point_of_interest,establishment",success
10116,"Tender Care Centers, Inc. Fort Lauderdale PPEC",ChIJLRl93GMA2YgRqrwcPbsssjg,4.9,34,https://www.tcms.care/locations-ppec-services/fort-lauderdale-ppec-service/,(954) 763-5444,"physiotherapist,health,point_of_interest,establishment",success
9734,"The MVMT Lab, Ft Lauderdale",ChIJsygy-w4B2YgR2SBhIBe-RMA,5,19,https://www.themvmtlab.com/,(954) 667-3276,"physiotherapist,health,point_of_interest,establishment",success
9364,The Therapy Hive - Ft Lauderdale,ChIJBV4aTu4a6a0RXRMuWqasW9Q,5,1,http://speak2metherapy.com/,(954) 588-6096,"health,point_of_interest,establishment",success
9566,TheraCave Physical Therapy,ChIJc5UBpQsB2YgRQdh_nnQepok,5,302,http://www.theracave.com/,(954) 284-0716,"physiotherapist,health,point_of_interest,establishment",success
7660,TheraCounsel,ChIJWd46IeYB2YgRxpn_ie4Eux0,4.9,40,http://theracounsel.com/,(954) 716-6514,"doctor,health,point_of_interest,establishment",success
8433,Thriveworks Counseling & Psychiatry Fort Lauderdale,ChIJCxSNGJED2YgR0_TiHWd7IbY,4.7,92,https://thriveworks.com/fort-lauderdale-counseling/?utm_source=GMBlisting&utm_medium=organic&field:8499441=GMB,(754) 219-9481,"doctor,health,point_of_interest,establishment",success
9535,Total MD,ChIJrTjJSnAC2YgRZVezXzt7pd0,4.5,239,https://www.thetotalmd.com/,(954) 974-3111,"doctor,health,point_of_interest,establishment",success
5825,"UNITED CEREBRAL PALSY OF BROWARD, PALM BEACH, AND
UNITED COMMUNITY OPTIONS OF BROWARD, PALM BEACH AN",ChIJ06SgxLQA2YgR___jJeqBJ1A,3,6,http://www.unitedcommunityoptionssfl.org/,(954) 584-7178,"health,school,point_of_interest,establishment",success
9567,USA Sports Medicine Fort Lauderdale,ChIJcwMIf6sB2YgR85H1dNuFSQg,4.9,137,https://usasportsmedicine.com/locations/fort-lauderdale/,(954) 302-7717,"physiotherapist,point_of_interest,health,establishment",success
6354,VICTORY LIVING PROGRAMS INC,ChIJBwIdR7kD2YgR68j4teWLOVM,3.8,4,http://www.victoryliving.org/,(954) 616-1074,"point_of_interest,establishment",success
9581,XL Physical Therapy & Sports Rehab - 2001 Ne 48th St,ChIJ76K9phcC2YgRFGcJ_N_Prsg,5,314,https://xlphysicaltherapy.com/,(954) 491-6620,"physiotherapist,doctor,health,point_of_interest,establishment",success
9588,XL Physical Therapy & Sports Rehab - 4022 N Ocean Blvd,ChIJe7awsQAC2YgR7RFh4ryhzpY,4.8,198,https://www.xlphysicaltherapy.com/,(954) 566-2400,"physiotherapist,health,point_of_interest,establishment",success
9433,XPE Sports Rehab,ChIJg8gzPQAD2YgRXnv-9gvfh3s,5,34,https://www.xpesportsrehab.com/,(954) 940-0718,"health,point_of_interest,establishment",success
10306,Abby Pediatric Care PPEC-Fort Myers,ChIJ7eb1YIhB24gRILbuRGtOadY,5,32,https://abbyppec.com/,(239) 245-7248,"hospital,health,point_of_interest,establishment",success
10128,"Advanced Physical Therapy & Rehabilitation- Ft Myers, FL",ChIJ_2RHsYw_24gRsLqDkI0qVSY,4.9,308,https://www.h2health.com/locations/advanced-physical-therapy/,(239) 432-0556,"physiotherapist,health,point_of_interest,establishment",success
9784,Apex Physical Therapy - Fort Myers,ChIJNdrfctA-24gRPV8BqWhzbtc,4.9,620,https://apexptflorida.com/?utm_source=gmb&utm_medium=organic&utm_campaign=gmb-listing,(239) 337-2739,"physiotherapist,health,point_of_interest,establishment",success
6334,"ASCEND TRANSITION SERVICES CORP
ASCEND TRANSITION SERVICES",ChIJs9iSzWBr24gRktd1J8EtEGc,5,7,https://www.ascendswfl.com/,(239) 851-8608,"point_of_interest,establishment",success
10297,Aveanna Healthcare,ChIJsauFOhZA24gR3VszbXQfwZM,3.3,9,https://www.aveanna.com/locations/277/fort-myers-florida-33907/,(239) 939-3159,"point_of_interest,health,establishment",success
9287,Cascade Hand & Orthopedic Rehab,ChIJjRnRLF1B24gRGUTYalFBIpk,5,41,https://www.cascadehandortho.com/,(239) 344-8404,"physiotherapist,health,point_of_interest,establishment",success
10328,"COMMUNITY RESOURCE NETWORK OF FLORIDA, LLC",,,,,,,not_found
9890,CORA Physical Therapy Fort Myers,ChIJ11zDpPo_24gRfqSLqgApRGU,4.8,183,https://www.coraphysicaltherapy.com/location/fort-myers-florida/,(239) 936-4404,"physiotherapist,gym,health,point_of_interest,establishment",success
10127,FOCUS,ChIJK1oHBBtr24gRXuwz57RBlNU,4.6,76,http://www.focusflorida.com/,(239) 313-5049,"health,point_of_interest,establishment",success
10005,FYZICAL Therapy & Balance Centers - West Fort Myers,ChIJibcR6tM-24gRZyryUMMLiaE,4.8,98,https://www.fyzical.com/west-fort-myers-fl,(239) 454-6262,"physiotherapist,health,point_of_interest,establishment",success
8897,"GILES KHADIJAH A
LOVED ONES",,,,,,,not_found
6355,GOODWILL INDUSTRIES OF SOUTHWEST FLORIDA,ChIJq_lke7lp24gRh6WBXH5H670,3.5,342,https://www.goodwillswfl.org/,(239) 995-2106,"point_of_interest,establishment",success
8606,GREEN STEPHANIE A,,,,,,,not_found
10009,"Johns Hopkins All Children's Outpatient Care, Fort Myers",ChIJAc1JKD5r24gR3g4In9IeEao,4.7,99,https://www.hopkinsmedicine.org/patient-care/locations/johns-hopkins-all-childrens-outpatient-ft-myers,(239) 931-5700,"health,point_of_interest,establishment",success
9443,Joint Implant Surgeons of Florida,ChIJebF9fLYe24gRK0CNTh1gjsM,4.9,2551,http://www.jointimplant.com/,(239) 337-2003,"point_of_interest,doctor,health,establishment",success
6380,LARC INC,ChIJpV_Y93lq24gRyAtNG_KjvY0,4.7,25,http://larcleecounty.org/,(239) 334-6285,"point_of_interest,establishment",success
8607,"LEE COUNTY BOARD OF CO COMMISSIONER
LEE TRAN PASSPORT SERVICE",ChIJkcq6p6Jq24gR10bPE0kDZgY,3.9,113,http://www.rideleetran.com/,(239) 533-8726,"point_of_interest,establishment",success
10007,Little Champs Pediatric Care PPEC - Medical Daycare,ChIJQaYabdk_24gRlJCGAuIY3pI,5,11,https://www.littlechampsppec.com/,(239) 690-6768,"hospital,health,point_of_interest,establishment",success
8824,MAYS CARING HOME LLC,ChIJf3Q2_54H44kRGDhJ0uRyu-M,,,https://mayshomecare.com/,(978) 984-7733,"point_of_interest,health,establishment",success
8609,"PANACHE HOLISTICS, INC",ChIJSUSVHrdv24gRG0mJr9xcNnk,4.6,7,,(239) 693-4931,"point_of_interest,establishment",success
6820,Pediatric & Perinatal Chiropractic Center,ChIJ86j0bhQ_24gRbqkLiF1dYb0,5,86,http://www.pandpchiro.com/,(239) 887-3283,"doctor,health,store,point_of_interest,establishment",success
9806,Physical Therapy Now at Palm Pointe,ChIJ-4DRyjRB24gRPtgC16X-0qc,4.8,23,http://www.physicaltherapynow.com/palm-pointe/,(239) 533-9903,"physiotherapist,health,point_of_interest,establishment",success
10336,"PROJECT CHOICE, LLC",ChIJ6cYoIEdA24gRC6rKKmamm3s,4.2,12,http://home.projectchoicellc.com/,(239) 931-7130,"health,point_of_interest,store,establishment",success
6423,PROTECTED HARBOR INC,ChIJSSF0tPpq24gRWbiVcd5_vSY,4.6,8,http://www.godsprotectedharbor.org/,(239) 989-1260,"point_of_interest,establishment",success
10335,SHALIMARE INCORPORATED,ChIJw7uVIaVv24gR6qkKAgdpZHY,5,2,http://www.shalimare.org/,(239) 985-9287,"point_of_interest,establishment",success
8859,SOVEREIGN DEVELOPMENTAL CENTER,ChIJb_wqIwBB24gRSriblAXGVCk,5,1,,,"point_of_interest,establishment",success
9330,"Stepping Stone Kids Therapy, LLC - Fort Myers",ChIJKa4ycQBr24gRbqSPpoEn1FI,4,5,https://sskidstherapy.com/,(239) 351-3715,"health,point_of_interest,establishment",success
6103,SUPERIOR PRIVATE TRANSPORTATION OF SWFL,,,,,,,not_found
9754,Wholistic Motus Physical Therapy,ChIJQ6ii1-dB24gRip-RPvD8Dpg,5,96,http://wholisticmotus.com/,(239) 400-5639,"health,point_of_interest,establishment",success
8598,IslandFit Physical Therapy and Wellness,ChIJ2XYPxss_24gRDpiV4KiDDQM,5,70,http://islandfitpt.com/,(239) 314-5118,"physiotherapist,health,point_of_interest,establishment",success
10286,A+ Therapy Pros,ChIJNZ2Ovrfx3ogRy_czxRRTWTs,4.2,5,http://aplustherapypros.com/,(772) 464-3303,"health,point_of_interest,establishment",success
6403,ALL ABOUT QUALITY CARE CORP,ChIJDWdntKfZ2IgRImi5WMf3VUA,,,https://allaboutqualitycare.com/,(561) 853-5937,"health,point_of_interest,establishment",success
9835,Back To You Chiropractic and Physical Therapy,,,,,,,not_found
8442,Behavioral Intervention Therapy Services (BITS),ChIJH7R0VLrx3ogRcRUQvaRC2QQ,5,1,https://www.bitsba.org/,(772) 233-6446,"health,point_of_interest,establishment",success
9253,"Destiny Therapeutic Services, LLC",ChIJ8w9uo-Dz3ogR6SpfNZtLiI8,5,4,https://www.destinytherapeutic.com/?utm_source=google&utm_medium=wix_google_business_profile&utm_campaign=12972037066326601068,(772) 359-1267,"health,point_of_interest,establishment",success
7455,Florida Department of Children and Families,ChIJDY5k853x3ogROvEN3YznoqA,3.7,225,http://www.myflfamilies.com/,(850) 487-1111,"point_of_interest,establishment",success
9149,HANDS OF GRACE AND MERCY ASSISTED LIVING FACILITY,ChIJCVa0tNz13ogRZBnG6zSTr0s,,,,,"hospital,health,point_of_interest,establishment",success
6114,"PIERRE MARIE N
THE NATIVITY GROUP HOME,  INC.",ChIJFTB_O5Px3ogRL-Ujn2MxkRI,5,1,,(772) 468-7530,"church,place_of_worship,point_of_interest,establishment",success
9948,Premier Physical Therapy & Sports Medicine - Fort Pierce,ChIJ35fRRpPx3ogRj5WAwrV2DGM,4.8,25,http://premier-therapy.com/,(772) 464-6424,"physiotherapist,point_of_interest,health,establishment",success
9519,Quality Performance Rehabilitation - Fort Pierce,ChIJde_pBKnx3ogRBM-p93_Ht9E,4.7,71,https://baylifept.com/location/physical-therapy-fort-pierce-fl/,(772) 758-5779,"physiotherapist,health,point_of_interest,establishment",success
8646,STEER HEALTHCARE SERVICES INC,ChIJA6oc9DTx3ogRkil4Vuv1QfI,,,http://steernursing.com/,(772) 672-1555,"point_of_interest,health,establishment",success
9113,SUPREME COMFORT CARE LLC,ChIJE5UifhLr3ogRh-tbW0x2_8M,5,15,http://www.hacomfortcare.com/,(772) 405-2886,"point_of_interest,health,establishment",success
9053,"TREASURE COAST HOMECARE SPECIALISTS, LLC",ChIJy_G_jTU6dUURdyweZv3i7fE,5,7,http://tchshomecare.com/?utm_source=google&utm_medium=wix_google_business_profile&utm_campaign=17892609218508461115,(772) 494-5220,"point_of_interest,health,establishment",success
6279,HORIZONS OF OKALOOSA,ChIJc9W1MOc-kYgRKFdhBmBr8sE,5,1,,(850) 244-4833,"point_of_interest,establishment",success
5802,NEW HOPE VILLAGE GROUP HOMES,ChIJIRE0bLw_kYgREWTIxTQlUZ4,4.9,54,https://www.afev.us/bob-hope-village,(850) 651-9422,"point_of_interest,establishment",success
9237,Julington Creek Speech Therapy,ChIJCZXoGTDP5YgRAMpfulw96Nw,5,2,http://jcstherapy.com/,(904) 441-0533,"point_of_interest,health,establishment",success
6064,"LAKE CNTY BRD OF CNTY COMMISSIONERS
DEPART OF COMMUNITY SERVICES PUBLIC TRANS DIVISON",ChIJvQAC1CeW54gRypTKzrUz_yY,1.5,12,http://www.ridelakexpress.com/,(352) 742-2612,"local_government_office,point_of_interest,establishment",success
8789,"GALAXY MEDICAL, INC.",ChIJf7ZSI-UD2YgRL6PU4JlJ-uY,3,6,,(954) 731-8977,"health,point_of_interest,store,establishment",success
9405,CenterWell Home Health - Gainesville,ChIJ6UO-tjS76IgRNEyX92eOBsE,4.8,51,https://www.centerwellhomehealth.com/about-us/find-care-near-you/centerwell-home-health-gainesville/?utm_source=Organic&utm_medium=GBP,(352) 376-3221,"physiotherapist,health,point_of_interest,establishment",success
7050,Child Psychotherapist,ChIJ25Kqs-S76IgRiQYlVCrJgb0,5,43,https://www.drmattseitz.com/,(352) 380-0209,"point_of_interest,health,establishment",success
9629,Clear Passage,ChIJfbQTFDW76IgR9XwzCSoD6eE,4.6,127,https://clearpassage.com/,(352) 336-1433,"physiotherapist,health,point_of_interest,establishment",success
9759,Darwin Chiropractic Center,ChIJRV_0lcqk6IgR05BU0lsoVkc,4.8,53,http://darwinchiro.com/,(352) 377-2225,"health,point_of_interest,establishment",success
9480,Empower Change Physical Therapy LLC,ChIJNcsAYlsdlYgRP1HIcnDXBlY,5,22,http://www.empowerchangept.com/,(352) 448-8421,"health,point_of_interest,establishment",success
9630,Empower Women's Physical Therapy,ChIJne-ti4G96IgRNtX7VGauB9c,5,42,https://www.empowerwomenspt.com/,(352) 444-1375,"physiotherapist,point_of_interest,health,establishment",success
9628,Five Branch Massage & Wellness,ChIJa-JHLJ676IgRWBAx327a1Eg,5,230,https://www.fivebranchhealth.com/,(352) 329-3399,"point_of_interest,health,establishment",success
9903,Florida Orthopaedic Institute - Gainesville,ChIJ83w18p-96IgRCPC6zqQddjk,4.9,807,https://www.floridaortho.com/locations/gainesville/,(352) 647-9700,"health,point_of_interest,establishment",success
9998,Florida Orthopaedic Institute Therapy,ChIJo5gOubO96IgR0IZKfR_OVd4,4.9,54,https://www.floridaortho.com/locations/gainesville-therapy/,,"health,point_of_interest,establishment",success
9475,"Forge Performance Physical Therapy, LLC",ChIJMV78sIu76IgRz15r5b7aNH8,5,29,https://www.forgeperformancept.com/,(352) 234-4422,"physiotherapist,gym,health,point_of_interest,establishment",success
10138,FYZICAL Therapy & Balance Centers - Gainesville Oaks,ChIJsV9eIZG96IgRR8kuI66E6nE,5,82,https://www.fyzical.com/gainesville-oaks,(352) 325-2276,"physiotherapist,health,point_of_interest,establishment",success
7065,Gainesville Community Counseling Center,ChIJC_svN6Gk6IgRfJfh8xZD_v4,4.2,17,https://gainesvillecounselingcenter.com/?utm_source=google&utm_medium=local&utm_campaign=1&utm_content=primary,(352) 448-9120,"health,point_of_interest,establishment",success
7033,Gainesville Wellness and Performance,ChIJf9zRkIS86IgRSrr-dScZRA8,5,62,https://www.gwpfit.com/small-group-personal-training/,(352) 225-3610,"gym,health,point_of_interest,establishment",success
7085,"Gators Spine & Wellness Clinic Dr. Wendy L. Flynn, Chiropractic Physician",ChIJE2w1Br1utSwRdpGYmWscwf4,5,18,http://www.gatorsspinewellnessclinic.com/,(352) 776-8899,"hospital,point_of_interest,doctor,health,establishment",success
7043,GWP Physical Therapy,ChIJfcSKh1K76IgRELj3DNPXwCs,5,140,https://www.gwpfit.com/physical-therapy/,(352) 275-9694,"physiotherapist,health,point_of_interest,establishment",success
8039,Haile Market Therapy & Behavioral,ChIJCxQUGle86IgR4dybOVJlf_M,5,5,http://www.hailemarkettherapy.com/,(352) 331-0020,"health,point_of_interest,establishment",success
9633,"Integrative Head & Neck Specialists, LLC",ChIJg-uVXSu96IgRjeZDAVJ1mBo,5,19,http://www.ihnss.com/?utm_source=google&utm_medium=wix_google_business_profile&utm_campaign=17857368606175385011,(352) 727-0472,"health,point_of_interest,establishment",success
9117,"JOHARY EDWIN F
EDWIN F JOHARY D.D.S.,P.A.",ChIJT8kTcXuk6IgRJyxFscdy0Zc,3.9,133,http://www.joharyfamilydentistry.com/,(352) 377-0360,"dentist,point_of_interest,health,establishment",success
9482,Kinetix Physical Therapy - Gainesville,ChIJx3vT2Fa86IgRjOEO8kPxk-g,5,886,https://kinetixpt.com/physical-therapy-clinic/physical-therapy-gainesville-fl/,(352) 558-3266,"physiotherapist,health,point_of_interest,establishment",success
10392,Launch Pad Therapy,ChIJtTa5dQm86IgRWvL85RzaA14,5,1,http://www.launchpadtherapy.com/,(352) 325-7400,"health,point_of_interest,establishment",success
9276,Little Sprouts Speech,ChIJnRU1t0q96IgRSnlcH71E_VQ,5,6,https://www.littlesprouts-speech.com/,,"health,point_of_interest,establishment",success
10141,Magnolia Ridge Rehabilitation Center,ChIJXbPsIde76IgRvTqVMui5UeA,3.8,118,http://magnoliaridgerehab.com/,(352) 677-3422,"health,point_of_interest,establishment",success
6362,"MARYAM NIKOONEJAD
COVENANT AGENCY",ChIJYd4kvjm76IgR412IUpESiPk,,,,(352) 225-8382,"point_of_interest,establishment",success
5924,Medig,ChIJ59T0hay86IgRG70s8jX6Te8,4.9,116,https://www.medig.md/,(352) 374-2818,"physiotherapist,doctor,health,point_of_interest,establishment",success
9301,Palm Garden of Gainesville,ChIJJwQv77y86IgRh0AGRtplagY,4.6,282,http://palmgardenofgainesville.com/,(352) 331-0601,"health,point_of_interest,establishment",success
7711,Peaceful Mind Psychiatry,ChIJffyq1Le76IgRuB0V54OUEcw,3.6,17,http://jingliumd.com/,(352) 672-6339,"health,point_of_interest,establishment",success
7062,Play and Wellness Center of Gainesville,ChIJ2yC8l62k6IgRVpOlXHyaetY,5,3,http://www.playwellnesscenter.com/,(352) 448-1134,"health,point_of_interest,establishment",success
9904,ReQuest Physical Therapy - Gainesville,ChIJvcVm-6u86IgRWQedlinrISg,4.9,640,https://requestphysicaltherapy.com/physical-therapy-clinic/gainesville-fl/,(352) 758-5495,"physiotherapist,health,point_of_interest,establishment",success
