provider_id,provider_name,phone,city,state,website,has_valid_website,pages_crawled,aba_found,aba_pages,behavior_analysis_found,behavior_analysis_pages,autism_found,autism_pages,pediatric_speech_found,pediatric_ot_found,pediatric_pt_found,therapy_pages,recommendation,notes
6263,GREEN STEPHANIE A,(239) 410-7524,FT MYERS,FL,https://flddresources.qlarant.com/ProviderSearch/Home/GetProviderDetails/148027081718542721,False,0,False,,False,,False,,False,False,False,,FLAG_FOR_REVIEW,No valid website or FL-DD database link
5505,"COMMUNITY RESOURCE NETWORK OF FLORIDA, LLC",(239) 415-7400,FORT MYERS,FL,https://flddresources.qlarant.com/ProviderSearch/Home/GetProviderDetails/124040583718541824,False,0,False,,False,,False,,False,False,False,,FLAG_FOR_REVIEW,No valid website or FL-DD database link
6248,"GLORIA LONGO, INC.",(239) 450-5970,NAPLES,FL,https://flddresources.qlarant.com/ProviderSearch/Home/GetProviderDetails/148025152018542479,False,0,False,,False,,False,,False,False,False,,FLAG_FOR_REVIEW,No valid website or FL-DD database link
7029,NEXT LEVEL SUPPORTS LLC,(239) 451-3211,CAPE CORAL,FL,https://flddresources.qlarant.com/ProviderSearch/Home/GetProviderDetails/148041964518542479,False,0,False,,False,,False,,False,False,False,,FLAG_FOR_REVIEW,No valid website or FL-DD database link
6739,"LEE COUNTY BOARD OF CO COMMISSIONER
LEE TRAN PASSPORT SERVICE",(239) 533-0350,FORT MYERS,FL,https://flddresources.qlarant.com/ProviderSearch/Home/GetProviderDetails/100028011118542721,False,0,False,,False,,False,,False,False,False,,FLAG_FOR_REVIEW,No valid website or FL-DD database link
7520,"RELIABLE TRANSPORTATION OF SW FL, LLC",(239) 677-5738,CAPE CORAL,FL,https://flddresources.qlarant.com/ProviderSearch/Home/GetProviderDetails/100001171218542721,False,0,False,,False,,False,,False,False,False,,FLAG_FOR_REVIEW,No valid website or FL-DD database link
6076,FRESH OASIS INC.,(239) 682-6325,NAPLES,FL,https://flddresources.qlarant.com/ProviderSearch/Home/GetProviderDetails/148040475818542495,False,0,False,,False,,False,,False,False,False,,FLAG_FOR_REVIEW,No valid website or FL-DD database link
7630,SHALIMARE INCORPORATED,(239) 694-0476,FORT MYERS,FL,https://flddresources.qlarant.com/ProviderSearch/Home/GetProviderDetails/148026850718542495,False,0,False,,False,,False,,False,False,False,,FLAG_FOR_REVIEW,No valid website or FL-DD database link
7170,"PANACHE HOLISTICS, INC",(239) 839-4997,FT MYERS,FL,https://flddresources.qlarant.com/ProviderSearch/Home/GetProviderDetails/148027699818542721,False,0,False,,False,,False,,False,False,False,,FLAG_FOR_REVIEW,No valid website or FL-DD database link
7217,"PROJECT CHOICE, LLC",(239) 931-7130,FORT MYERS,FL,https://flddresources.qlarant.com/ProviderSearch/Home/GetProviderDetails/148034229218542479,False,0,False,,False,,False,,False,False,False,,FLAG_FOR_REVIEW,No valid website or FL-DD database link
8029,TOUCHING LIVES OF TAMPA BAY LLC,(276) 393-9206,CLEARWATER,FL,https://flddresources.qlarant.com/ProviderSearch/Home/GetProviderDetails/148039435718542721,False,0,False,,False,,False,,False,False,False,,FLAG_FOR_REVIEW,No valid website or FL-DD database link
7205,"PPH FL-SUNCOAST, LLC
PARK HOME CARE",(303) 931-2035,LARGO,FL,https://flddresources.qlarant.com/ProviderSearch/Home/GetProviderDetails/100046779418542479,False,0,False,,False,,False,,False,False,False,,FLAG_FOR_REVIEW,No valid website or FL-DD database link
7186,PERSONAL CARE SERVICES,(305) 225-5271,MIAMI,FL,https://flddresources.qlarant.com/ProviderSearch/Home/GetProviderDetails/136023749018542134,False,0,False,,False,,False,,False,False,False,,FLAG_FOR_REVIEW,No valid website or FL-DD database link
7517,REHABILITATION OF SOUTH FLORIDA INC,(305) 226-7718,MIAMI,FL,https://flddresources.qlarant.com/ProviderSearch/Home/GetProviderDetails/100026955718543251,False,0,False,,False,,False,,False,False,False,,FLAG_FOR_REVIEW,No valid website or FL-DD database link
6047,"FAITH HEALTH CARE, INC.",(305) 228-4800,MIAMI,FL,https://flddresources.qlarant.com/ProviderSearch/Home/GetProviderDetails/172002970618543251,False,0,False,,False,,False,,False,False,False,,FLAG_FOR_REVIEW,No valid website or FL-DD database link
4961,ASA HOME CARE INC,(305) 229-1400,MIAMI,FL,https://flddresources.qlarant.com/ProviderSearch/Home/GetProviderDetails/172025538118543351,False,0,False,,False,,False,,False,False,False,,FLAG_FOR_REVIEW,No valid website or FL-DD database link
15997,Skycrest Place Group Home,(727) 254-1196,Clearwater,FL,http://www.skycrestplace.com/,True,1,False,,False,,False,,False,False,False,,FLAG_FOR_REMOVAL,"Crawled 1 pages — no ABA, autism, or therapy found"
15998,New Beginnings Counseling,(401) 486-6081,Daytona Beach Shores,FL,,False,0,False,,False,,False,,False,False,False,,FLAG_FOR_REVIEW,No valid website or FL-DD database link
15999,Behavioral Evaluation Program,(727) 464-7373,Clearwater,FL,,False,0,False,,False,,False,,False,False,False,,FLAG_FOR_REVIEW,No valid website or FL-DD database link
16000,Therapy West 2,(407) 900-3026,Maitland,FL,http://www.therapywest2.com/,True,2,False,,False,,False,,False,True,False,home|/about,KEEP_RECATEGORIZE_THERAPY,Pediatric therapy found: OT
7182,"PEDIATRIC RESPIRATORY CARE OF SOUTH FLORIDA,INC.
JKARE",(305) 248-1003,MIAMI,FL,https://flddresources.qlarant.com/ProviderSearch/Home/GetProviderDetails/100002591818543134,False,0,False,,False,,False,,False,False,False,,FLAG_FOR_REVIEW,No valid website or FL-DD database link
6587,"JOYFUL HOME HEALTH SERVICES, CORP.",(305) 251-4989,MIAMI,FL,https://flddresources.qlarant.com/ProviderSearch/Home/GetProviderDetails/172035699618543251,False,0,False,,False,,False,,False,False,False,,FLAG_FOR_REVIEW,No valid website or FL-DD database link
4889,"ADVANCED CARE MEDICAL SUPPLIES, INC
ADVANCE CARE MEDICAL SUPPLIES, INC",(305) 256-1653,MIAMI,FL,https://flddresources.qlarant.com/ProviderSearch/Home/GetProviderDetails/100035764918543134,False,0,False,,False,,False,,False,False,False,,FLAG_FOR_REVIEW,No valid website or FL-DD database link
4915,"ALLIANCE HOMECARE SYSTEMS, INC.",(305) 256-5551,MIAMI,FL,https://flddresources.qlarant.com/ProviderSearch/Home/GetProviderDetails/100026287318543134,False,0,False,,False,,False,,False,False,False,,FLAG_FOR_REVIEW,No valid website or FL-DD database link
5454,C.A.D.C. CORP.,(305) 269-6845,MIAMI,FL,https://flddresources.qlarant.com/ProviderSearch/Home/GetProviderDetails/172024923518543251,False,0,False,,False,,False,,False,False,False,,FLAG_FOR_REVIEW,No valid website or FL-DD database link
8012,"THE WOW CENTER INC
THE WOW CENTER",(305) 279-7999,MIAMI,FL,https://flddresources.qlarant.com/ProviderSearch/Home/GetProviderDetails/172003973318543186,False,0,False,,False,,False,,False,False,False,,FLAG_FOR_REVIEW,No valid website or FL-DD database link
6901,"MONROE ASSOCIATION FOR RETARDED CITIZENS, INC.",(305) 294-9526,KEY WEST,FL,https://flddresources.qlarant.com/ProviderSearch/Home/GetProviderDetails/172003969418543186,False,0,False,,False,,False,,False,False,False,,FLAG_FOR_REVIEW,No valid website or FL-DD database link
6237,GENUINE LOVE AND CARE LLC,(305) 298-3049,MIAMI GARDENS,FL,https://flddresources.qlarant.com/ProviderSearch/Home/GetProviderDetails/160038491618542847,False,0,False,,False,,False,,False,False,False,,FLAG_FOR_REVIEW,No valid website or FL-DD database link
7516,"REGIONS HEALTHCARE SERVICES, LLC",(305) 305-3545,MIAMI,FL,https://flddresources.qlarant.com/ProviderSearch/Home/GetProviderDetails/172000250318543264,False,0,False,,False,,False,,False,False,False,,FLAG_FOR_REVIEW,No valid website or FL-DD database link
6255,"GOODWILL INDUSTRIES OF SOUTH FLORIDA, INC.",(305) 326-4134,MIAMI,FL,https://flddresources.qlarant.com/ProviderSearch/Home/GetProviderDetails/172003972918543186,False,0,False,,False,,False,,False,False,False,,FLAG_FOR_REVIEW,No valid website or FL-DD database link
5941,ESSENTIAL WELLNESS OF SOUTH FLORIDA INC,(305) 332-3266,MIAMI LAKES,FL,https://flddresources.qlarant.com/ProviderSearch/Home/GetProviderDetails/160041375518542754,False,0,False,,False,,False,,False,False,False,,FLAG_FOR_REVIEW,No valid website or FL-DD database link
6769,LYAM FACILITIES CORP,(305) 333-2659,FORT LAUDERDALE,FL,https://flddresources.qlarant.com/ProviderSearch/Home/GetProviderDetails/160040840918542847,False,0,False,,False,,False,,False,False,False,,FLAG_FOR_REVIEW,No valid website or FL-DD database link
6335,H.L SUPERIOR REMODELING CORP,(305) 343-5663,HIALEAH,FL,https://flddresources.qlarant.com/ProviderSearch/Home/GetProviderDetails/100039709818543163,False,0,False,,False,,False,,False,False,False,,FLAG_FOR_REVIEW,No valid website or FL-DD database link
5565,CSI CATALANOS NURSES REGISTRY INC,(305) 364-5911,MEDLEY,FL,https://flddresources.qlarant.com/ProviderSearch/Home/GetProviderDetails/172027027718543264,False,0,False,,False,,False,,False,False,False,,FLAG_FOR_REVIEW,No valid website or FL-DD database link
4894,"ADVANCED THERAPY WORKS, INC",(305) 378-5247,MIAMI,FL,https://flddresources.qlarant.com/ProviderSearch/Home/GetProviderDetails/100026514518543251,False,0,False,,False,,False,,False,False,False,,FLAG_FOR_REVIEW,No valid website or FL-DD database link
7616,"S.L.B. THERAPY, INC.",(305) 378-5775,CUTLER BAY,FL,https://flddresources.qlarant.com/ProviderSearch/Home/GetProviderDetails/100036239518543251,False,0,False,,False,,False,,False,False,False,,FLAG_FOR_REVIEW,No valid website or FL-DD database link
7985,"TEBAR MEDICAL SUPPLIES & EQUIPMENT, INC",(305) 382-0510,MIAMI,FL,https://flddresources.qlarant.com/ProviderSearch/Home/GetProviderDetails/100001394618543134,False,0,False,,False,,False,,False,False,False,,FLAG_FOR_REVIEW,No valid website or FL-DD database link
7680,"SUNRISE COMMUNITY OF SOUTHWEST FLORIDA, INC.",(305) 596-9040,CAPE CORAL,FL,https://flddresources.qlarant.com/ProviderSearch/Home/GetProviderDetails/148012653418542495,False,0,False,,False,,False,,False,False,False,,FLAG_FOR_REVIEW,No valid website or FL-DD database link
16001,Children's Center for Therapy and Learning,(305) 895-0444,North Miami,FL,http://www.therapyandlearning.com/,True,4,True,home|/about|/about-us|/our-services,False,,True,/about|/about-us|/our-services,True,True,True,home|/about|/about-us|/our-services,KEEP_AS_ABA,"ABA verified on pages: home, /about, /about-us, /our-services"
6378,HOUSING AND ASSISTIVE TECHNOLOGY IN,(305) 608-0692,MIAMI,FL,https://flddresources.qlarant.com/ProviderSearch/Home/GetProviderDetails/100026667818543163,False,0,False,,False,,False,,False,False,False,,FLAG_FOR_REVIEW,No valid website or FL-DD database link
8249,UNITED THERAPY SOLUTION LLC.,(305) 756-9947,MIAMI,FL,https://flddresources.qlarant.com/ProviderSearch/Home/GetProviderDetails/160041065118542907,False,0,False,,False,,False,,False,False,False,,FLAG_FOR_REVIEW,No valid website or FL-DD database link
6864,"MAC TOWN,INC",(305) 758-4485,MIAMI,FL,https://flddresources.qlarant.com/ProviderSearch/Home/GetProviderDetails/160003971518542847,False,0,False,,False,,False,,False,False,False,,FLAG_FOR_REVIEW,No valid website or FL-DD database link
6261,GRACEFUL HOMES LLC,(305) 763-1188,NORTH FORT MYERS,FL,https://flddresources.qlarant.com/ProviderSearch/Home/GetProviderDetails/148040989018542721,False,0,False,,False,,False,,False,False,False,,FLAG_FOR_REVIEW,No valid website or FL-DD database link
6373,HOMED CARE INC,(305) 769-3332,HIALEAH,FL,https://flddresources.qlarant.com/ProviderSearch/Home/GetProviderDetails/172025413318543251,False,0,False,,False,,False,,False,False,False,,FLAG_FOR_REVIEW,No valid website or FL-DD database link
4927,AMERICARE HOME HEALTHCARE SERVICES INC,(305) 770-4344,MIAMI,FL,https://flddresources.qlarant.com/ProviderSearch/Home/GetProviderDetails/172035441118543264,False,0,False,,False,,False,,False,False,False,,FLAG_FOR_REVIEW,No valid website or FL-DD database link
4906,"ALL ABOUT ME SUPPORTS & SERVICES, INC.",(305) 790-7692,MIAMI,FL,https://flddresources.qlarant.com/ProviderSearch/Home/GetProviderDetails/160034915118542835,False,0,False,,False,,False,,False,False,False,,FLAG_FOR_REVIEW,No valid website or FL-DD database link
5910,E&R HEALTH CARE INC.,(305) 794-8895,MIAMI,FL,https://flddresources.qlarant.com/ProviderSearch/Home/GetProviderDetails/100043900518543264,False,0,False,,False,,False,,False,False,False,,FLAG_FOR_REVIEW,No valid website or FL-DD database link
4835,A LOVING PLACE LLC,(321) 217-5746,APOPKA,FL,https://flddresources.qlarant.com/ProviderSearch/Home/GetProviderDetails/136040981418542370,False,0,False,,False,,False,,False,False,False,,FLAG_FOR_REVIEW,No valid website or FL-DD database link
5257,"BRIDGES BTC, INC",(321) 690-3464,ROCKLEDGE,FL,https://flddresources.qlarant.com/ProviderSearch/Home/GetProviderDetails/136003859218542370,False,0,False,,False,,False,,False,False,False,,FLAG_FOR_REVIEW,No valid website or FL-DD database link
6732,LAPOINTE MICHEL C,(321) 951-1360,MELBOURNE,FL,https://flddresources.qlarant.com/ProviderSearch/Home/GetProviderDetails/100010065718542032,False,0,False,,False,,False,,False,False,False,,FLAG_FOR_REVIEW,No valid website or FL-DD database link
7094,"OPEN ARMS CARE, LLC",(352) 232-6399,DUNEDIN,FL,https://flddresources.qlarant.com/ProviderSearch/Home/GetProviderDetails/148040355718542721,False,0,False,,False,,False,,False,False,False,,FLAG_FOR_REVIEW,No valid website or FL-DD database link
6367,"HILTON ROC-ROZA O
ROC-ROZA O. HILTON SERVICES",(352) 277-2494,SPRING HILL,FL,https://flddresources.qlarant.com/ProviderSearch/Home/GetProviderDetails/136002444118542304,False,0,False,,False,,False,,False,False,False,,FLAG_FOR_REVIEW,No valid website or FL-DD database link
7021,NEW CREATION HOMES AND SERVICES,(352) 317-1550,ALACHUA,FL,https://flddresources.qlarant.com/ProviderSearch/Home/GetProviderDetails/124041514318542014,False,0,False,,False,,False,,False,False,False,,FLAG_FOR_REVIEW,No valid website or FL-DD database link
8024,TOGETHER WE CARE LLC,(352) 321-0969,MOUNT DORA,FL,https://flddresources.qlarant.com/ProviderSearch/Home/GetProviderDetails/136039107618542370,False,0,False,,False,,False,,False,False,False,,FLAG_FOR_REVIEW,No valid website or FL-DD database link
5804,"DEVELOPMENTAL SERVICE TRAINERS,INC",(352) 368-2811,OCALA,FL,https://flddresources.qlarant.com/ProviderSearch/Home/GetProviderDetails/136026599918542370,False,0,False,,False,,False,,False,False,False,,FLAG_FOR_REVIEW,No valid website or FL-DD database link
8264,UTOPIA LIVING LLC,(904) 333-4946,JACKSONVILLE,FL,https://flddresources.qlarant.com/ProviderSearch/Home/GetProviderDetails/124036916318542014,False,0,False,,False,,False,,False,False,False,,FLAG_FOR_REVIEW,No valid website or FL-DD database link
16002,Katz Counseling and Educational Psychology,(239) 247-1756,Fort Myers,FL,http://www.katzpsychology.com/,True,2,False,,True,home|/services,True,home|/services,False,False,False,,KEEP_RECATEGORIZE_BEHAVIOR_ANALYSIS,"Behavior Analysis found (non-ABA): home, /services"
16003,Sunrise Community Inc,(850) 878-0808,Tallahassee,FL,,False,0,False,,False,,False,,False,False,False,,FLAG_FOR_REVIEW,No valid website or FL-DD database link
16004,Therapeutic Well-being,(863) 603-3128,Lakeland,FL,https://www.facebook.com/profile.php?id=100087640722430,True,10,False,,False,,False,,False,False,False,,FLAG_FOR_REMOVAL,"Crawled 10 pages — no ABA, autism, or therapy found"
8278,VACCIS D&G GROUP HOME INC,(863) 860-5699,WINTER HAVEN,FL,https://flddresources.qlarant.com/ProviderSearch/Home/GetProviderDetails/136026904418542370,False,0,False,,False,,False,,False,False,False,,FLAG_FOR_REVIEW,No valid website or FL-DD database link
8312,"WE CARE HOME SERVICES, INC",(786) 222-5246,DORAL,FL,https://flddresources.qlarant.com/ProviderSearch/Home/GetProviderDetails/172040509918543264,False,0,False,,False,,False,,False,False,False,,FLAG_FOR_REVIEW,No valid website or FL-DD database link
8308,"WALKER PRINCESS Y
PRINCESS WALKER",(813) 562-8746,RIVERVIEW,FL,https://flddresources.qlarant.com/ProviderSearch/Home/GetProviderDetails/100038600718542721,False,0,False,,False,,False,,False,False,False,,FLAG_FOR_REVIEW,No valid website or FL-DD database link
8311,"WE CARE ASSITED LIVING, LLC",(850) 912-6480,PENSACOLA,FL,https://flddresources.qlarant.com/ProviderSearch/Home/GetProviderDetails/112034629018541508,False,0,False,,False,,False,,False,False,False,,FLAG_FOR_REVIEW,No valid website or FL-DD database link
8309,WARD KRISTINA,(941) 534-3601,HOMELAND,FL,https://flddresources.qlarant.com/ProviderSearch/Home/GetProviderDetails/136024771918542370,False,0,False,,False,,False,,False,False,False,,FLAG_FOR_REVIEW,No valid website or FL-DD database link
8310,WE CARE ACTIVITY CENTER INC,(954) 864-2024,LAUDERHILL,FL,https://flddresources.qlarant.com/ProviderSearch/Home/GetProviderDetails/100044752218542847,False,0,False,,False,,False,,False,False,False,,FLAG_FOR_REVIEW,No valid website or FL-DD database link
4895,ADVANCES IN SUPPORT/ CAROL LOUIS,(305) 343-2187,NORTH MIAMI BEACH,FL,https://flddresources.qlarant.com/ProviderSearch/Home/GetProviderDetails/172025006218543406,False,0,False,,False,,False,,False,False,False,,FLAG_FOR_REVIEW,No valid website or FL-DD database link
4834,A KIND LOVING HAND LLC,(407) 680-5445,LEESBURG,FL,https://flddresources.qlarant.com/ProviderSearch/Home/GetProviderDetails/100044444618542275,False,0,False,,False,,False,,False,False,False,,FLAG_FOR_REVIEW,No valid website or FL-DD database link
4851,A1 MEDICAL SUPPLIES INC,(561) 615-1819,LAKE WORTH,FL,https://flddresources.qlarant.com/ProviderSearch/Home/GetProviderDetails/100027858418542778,False,0,False,,False,,False,,False,False,False,,FLAG_FOR_REVIEW,No valid website or FL-DD database link
4868,ABLE LIFE CARE SERVICES,(772) 342-4239,WEST PALM BEACH,FL,https://flddresources.qlarant.com/ProviderSearch/Home/GetProviderDetails/160038969718543059,False,0,False,,False,,False,,False,False,False,,FLAG_FOR_REVIEW,No valid website or FL-DD database link
5510,"CONNEXT CARE
CONNEXT CARE, LLC",(352) 544-9888,CRYSTAL RIVER,FL,https://flddresources.qlarant.com/ProviderSearch/Home/GetProviderDetails/136039283518542134,False,0,False,,False,,False,,False,False,False,,FLAG_FOR_REVIEW,No valid website or FL-DD database link
8014,"THOMAS FAMILY CARE SERVICES
THOMAS FAMILY CARE SERVICES",(352) 553-8623,OCALA,FL,https://flddresources.qlarant.com/ProviderSearch/Home/GetProviderDetails/136038895318542370,False,0,False,,False,,False,,False,False,False,,FLAG_FOR_REVIEW,No valid website or FL-DD database link
5238,"BETTER LIVING CONCEPTS, INC",(352) 735-3988,MOUNT DORA,FL,https://flddresources.qlarant.com/ProviderSearch/Home/GetProviderDetails/136035299618542370,False,0,False,,False,,False,,False,False,False,,FLAG_FOR_REVIEW,No valid website or FL-DD database link
7677,"SUNRISE ARC, INC.",(352) 787-3079,LEESBURG,FL,https://flddresources.qlarant.com/ProviderSearch/Home/GetProviderDetails/136003814918542370,False,0,False,,False,,False,,False,False,False,,FLAG_FOR_REVIEW,No valid website or FL-DD database link
5477,CECELIAS CARE LLC,(352) 789-6795,OCALA,FL,https://flddresources.qlarant.com/ProviderSearch/Home/GetProviderDetails/136027379218542370,False,0,False,,False,,False,,False,False,False,,FLAG_FOR_REVIEW,No valid website or FL-DD database link
6253,GOLDEN SUN EXPRESS LLC,(561) 331-1599,PORT SAINT LUCIE,FL,https://flddresources.qlarant.com/ProviderSearch/Home/GetProviderDetails/100044326718542370,False,0,False,,False,,False,,False,False,False,,FLAG_FOR_REVIEW,No valid website or FL-DD database link
5481,"CENTRAL CARE SERVICES, INC",(561) 337-4338,WEST PALM BEACH,FL,https://flddresources.qlarant.com/ProviderSearch/Home/GetProviderDetails/160028016818542835,False,0,False,,False,,False,,False,False,False,,FLAG_FOR_REVIEW,No valid website or FL-DD database link
16005,Insight Behavioral Center,(954) 388-0800,Pembroke Pines,FL,,False,0,False,,False,,False,,False,False,False,,FLAG_FOR_REVIEW,No valid website or FL-DD database link
16006,Better Living Solutions Counseling & Nutrition Center,(850) 329-2345,Tallahassee,FL,https://blscounseling.net/services/,True,2,False,,False,,False,,False,False,False,,FLAG_FOR_REMOVAL,"Crawled 2 pages — no ABA, autism, or therapy found"
16007,WellCome OM Integral Healing & Education Center,(352) 600-4242,Spring Hill,FL,https://www.wellcomeomcenter.com/,True,3,False,,False,,False,,False,False,False,,FLAG_FOR_REMOVAL,"Crawled 3 pages — no ABA, autism, or therapy found"
6674,KNOBBE DESIGNS INC,(561) 379-2010,JUPITER,FL,https://flddresources.qlarant.com/ProviderSearch/Home/GetProviderDetails/160026684118543059,False,0,False,,False,,False,,False,False,False,,FLAG_FOR_REVIEW,No valid website or FL-DD database link
8240,"ULTIMATE CARE SUPPORT SERVICES LLC
ZELPHA POWELL",(561) 753-9209,WEST PALM BEACH,FL,https://flddresources.qlarant.com/ProviderSearch/Home/GetProviderDetails/160035393718543059,False,0,False,,False,,False,,False,False,False,,FLAG_FOR_REVIEW,No valid website or FL-DD database link
6372,"HOME OF STARS,LLC",(561) 790-6264,WELLINGTON,FL,https://flddresources.qlarant.com/ProviderSearch/Home/GetProviderDetails/160002219018543074,False,0,False,,False,,False,,False,False,False,,FLAG_FOR_REVIEW,No valid website or FL-DD database link
5567,"CWW LIMITED LLC
COASTAL LIVING OPTIONS",(561) 795-3014,LOXAHATCHEE,FL,https://flddresources.qlarant.com/ProviderSearch/Home/GetProviderDetails/160002711318543059,False,0,False,,False,,False,,False,False,False,,FLAG_FOR_REVIEW,No valid website or FL-DD database link
5485,CHANCELLOR SERVICES LLC.,(561) 797-7203,LOXAHATCHEE,FL,https://flddresources.qlarant.com/ProviderSearch/Home/GetProviderDetails/160038204018542835,False,0,False,,False,,False,,False,False,False,,FLAG_FOR_REVIEW,No valid website or FL-DD database link
6236,GENTLE HOME CARE OF CENTRAL FLORIDA,(689) 500-8879,EUSTIS,FL,https://flddresources.qlarant.com/ProviderSearch/Home/GetProviderDetails/160043402018543059,False,0,False,,False,,False,,False,False,False,,FLAG_FOR_REVIEW,No valid website or FL-DD database link
7174,"PARC, INC",(727) 345-9111,SAINT PETERSBURG,FL,https://flddresources.qlarant.com/ProviderSearch/Home/GetProviderDetails/148003837718542479,False,0,False,,False,,False,,False,False,False,,FLAG_FOR_REVIEW,No valid website or FL-DD database link
7179,PATIENTLY CARING,(727) 348-0952,ST PETERSBURG,FL,https://flddresources.qlarant.com/ProviderSearch/Home/GetProviderDetails/148042411618542721,False,0,False,,False,,False,,False,False,False,,FLAG_FOR_REVIEW,No valid website or FL-DD database link
6896,MM DEDICATED CARE INC.,(727) 366-8481,CLEARWATER,FL,https://flddresources.qlarant.com/ProviderSearch/Home/GetProviderDetails/148043006818542721,False,0,False,,False,,False,,False,False,False,,FLAG_FOR_REVIEW,No valid website or FL-DD database link
6760,"LOGISTIQUE, LLC",(727) 370-4168,CLEARWATER,FL,https://flddresources.qlarant.com/ProviderSearch/Home/GetProviderDetails/148043677418542495,False,0,False,,False,,False,,False,False,False,,FLAG_FOR_REVIEW,No valid website or FL-DD database link
7645,SKYCREST PLACE LLC,(727) 385-8397,CLEARWATER,FL,https://flddresources.qlarant.com/ProviderSearch/Home/GetProviderDetails/148042614318542721,False,0,False,,False,,False,,False,False,False,,FLAG_FOR_REVIEW,No valid website or FL-DD database link
5563,CROSSROADS OF PINELLAS,(727) 391-9555,SEMINOLE,FL,https://flddresources.qlarant.com/ProviderSearch/Home/GetProviderDetails/148024564818542495,False,0,False,,False,,False,,False,False,False,,FLAG_FOR_REVIEW,No valid website or FL-DD database link
7627,"SERENITY VILLAGE, INC",(727) 397-9978,TAMPA,FL,https://flddresources.qlarant.com/ProviderSearch/Home/GetProviderDetails/148026429018542495,False,0,False,,False,,False,,False,False,False,,FLAG_FOR_REVIEW,No valid website or FL-DD database link
5487,CHASE CAPITAL INVESTMENTS,(727) 408-0910,WESLEY CHAPEL,FL,https://flddresources.qlarant.com/ProviderSearch/Home/GetProviderDetails/100046675618542721,False,0,False,,False,,False,,False,False,False,,FLAG_FOR_REVIEW,No valid website or FL-DD database link
5265,BRYAN MEYERS COMM SUPPORTS AND SERV,(727) 410-7450,TARPON SPRINGS,FL,https://flddresources.qlarant.com/ProviderSearch/Home/GetProviderDetails/136026277818542134,False,0,False,,False,,False,,False,False,False,,FLAG_FOR_REVIEW,No valid website or FL-DD database link
6359,HEART TO HEART ENTERPRISE,(727) 417-1542,SAINT PETERSBURG,FL,https://flddresources.qlarant.com/ProviderSearch/Home/GetProviderDetails/148044338018542495,False,0,False,,False,,False,,False,False,False,,FLAG_FOR_REVIEW,No valid website or FL-DD database link
5496,COASTAL CARE RESIDENCE LLC,(727) 417-1723,APOLLO BEACH,FL,https://flddresources.qlarant.com/ProviderSearch/Home/GetProviderDetails/100044326518542631,False,0,False,,False,,False,,False,False,False,,FLAG_FOR_REVIEW,No valid website or FL-DD database link
7196,"PINELLAS PROFESSIONAL HOMECARE, INC",(727) 418-4198,PALM HARBOR,FL,https://flddresources.qlarant.com/ProviderSearch/Home/GetProviderDetails/148027746518542479,False,0,False,,False,,False,,False,False,False,,FLAG_FOR_REVIEW,No valid website or FL-DD database link
4888,ADULT CARE HOUSING INC,(727) 418-6264,PINELLAS PARK,FL,https://flddresources.qlarant.com/ProviderSearch/Home/GetProviderDetails/148026149718542721,False,0,False,,False,,False,,False,False,False,,FLAG_FOR_REVIEW,No valid website or FL-DD database link
5950,"EZY LIVING, LLC",(727) 433-1129,LITHIA,FL,https://flddresources.qlarant.com/ProviderSearch/Home/GetProviderDetails/148040406118542721,False,0,False,,False,,False,,False,False,False,,FLAG_FOR_REVIEW,No valid website or FL-DD database link
6497,"INDEPENDENCE CONNECTION, LLC",(727) 433-6315,SAINT PETERSBURG,FL,https://flddresources.qlarant.com/ProviderSearch/Home/GetProviderDetails/148027765718542479,False,0,False,,False,,False,,False,False,False,,FLAG_FOR_REVIEW,No valid website or FL-DD database link
7983,TAMPA BAY GROUP HOMES INC,(727) 451-0242,CLEARWATER,FL,https://flddresources.qlarant.com/ProviderSearch/Home/GetProviderDetails/148025935318542495,False,0,False,,False,,False,,False,False,False,,FLAG_FOR_REVIEW,No valid website or FL-DD database link
7512,"RARE SOUL CARE SERVICES, LLC",(727) 452-8002,LARGO,FL,https://flddresources.qlarant.com/ProviderSearch/Home/GetProviderDetails/148036853518542495,False,0,False,,False,,False,,False,False,False,,FLAG_FOR_REVIEW,No valid website or FL-DD database link
7670,STARR SUSIE M,(727) 458-6378,TREASURE ISLAND,FL,https://flddresources.qlarant.com/ProviderSearch/Home/GetProviderDetails/148025092118542721,False,0,False,,False,,False,,False,False,False,,FLAG_FOR_REVIEW,No valid website or FL-DD database link
6243,GILLESPIE SERVICES,(772) 633-5661,MELBOURNE,FL,https://flddresources.qlarant.com/ProviderSearch/Home/GetProviderDetails/136023757518542370,False,0,False,,False,,False,,False,False,False,,FLAG_FOR_REVIEW,No valid website or FL-DD database link
5821,DREAM KEEPERS LLC,(772) 634-5137,HOBE SOUND,FL,https://flddresources.qlarant.com/ProviderSearch/Home/GetProviderDetails/160001168918543059,False,0,False,,False,,False,,False,False,False,,FLAG_FOR_REVIEW,No valid website or FL-DD database link
16008,Silver Lining Learning Academy & ABA Therapy,(407) 243-8622,Winter Park,FL,https://sllearningacademyinc.com/,True,1,False,,False,,False,,False,False,False,,FLAG_FOR_REMOVAL,"Crawled 1 pages — no ABA, autism, or therapy found"
7671,STEER HEALTHCARE SERVICES INC,(772) 672-1555,FORT PIERCE,FL,https://flddresources.qlarant.com/ProviderSearch/Home/GetProviderDetails/160039046918543059,False,0,False,,False,,False,,False,False,False,,FLAG_FOR_REVIEW,No valid website or FL-DD database link
6046,"FAITH CARE CENTER, INC.
FAITH CARE CENTER, INC",(772) 985-4791,TAMARAC,FL,https://flddresources.qlarant.com/ProviderSearch/Home/GetProviderDetails/160002620818542835,False,0,False,,False,,False,,False,False,False,,FLAG_FOR_REVIEW,No valid website or FL-DD database link
6750,LIFE OF PURPOSE INC,(773) 905-3084,TAMPA,FL,https://flddresources.qlarant.com/ProviderSearch/Home/GetProviderDetails/148043507718542495,False,0,False,,False,,False,,False,False,False,,FLAG_FOR_REVIEW,No valid website or FL-DD database link
6065,FLORIDA STAFFING ADVISORS INC,(786) 201-3183,MIAMI,FL,https://flddresources.qlarant.com/ProviderSearch/Home/GetProviderDetails/172027647518543186,False,0,False,,False,,False,,False,False,False,,FLAG_FOR_REVIEW,No valid website or FL-DD database link
6066,FLORIDA SUPPORT SERVICES INC,(786) 210-7045,MIAMI,FL,https://flddresources.qlarant.com/ProviderSearch/Home/GetProviderDetails/100037799218543186,False,0,False,,False,,False,,False,False,False,,FLAG_FOR_REVIEW,No valid website or FL-DD database link
7643,SIMPKINS SUPERIOR SUPPORT SERVICES INC,(786) 222-4180,MIRAMAR,FL,https://flddresources.qlarant.com/ProviderSearch/Home/GetProviderDetails/160003026118542835,False,0,False,,False,,False,,False,False,False,,FLAG_FOR_REVIEW,No valid website or FL-DD database link
5226,"BAUMBERGER ENTERPRISES, INC.",(786) 234-2113,HOMESTEAD,FL,https://flddresources.qlarant.com/ProviderSearch/Home/GetProviderDetails/172037735718543186,False,0,False,,False,,False,,False,False,False,,FLAG_FOR_REVIEW,No valid website or FL-DD database link
16082,Lifeskills Orlando,(407) 863-2191,Orlando,FL,https://lifeskillssouthflorida.com/programs/orlando-residential/,True,3,False,,False,,False,,False,False,False,,FLAG_FOR_REMOVAL,"Crawled 3 pages — no ABA, autism, or therapy found"
6755,"LINKING PATHWAYS, INC",(786) 271-2438,MIAMI,FL,https://flddresources.qlarant.com/ProviderSearch/Home/GetProviderDetails/160026889518542835,False,0,False,,False,,False,,False,False,False,,FLAG_FOR_REVIEW,No valid website or FL-DD database link
7216,PROGRESS SUPPORT SERVICE INC.,(786) 274-3971,PEMBROKE PINES,FL,https://flddresources.qlarant.com/ProviderSearch/Home/GetProviderDetails/160040299318542835,False,0,False,,False,,False,,False,False,False,,FLAG_FOR_REVIEW,No valid website or FL-DD database link
5790,DAINERYS GIL AGENCY LLC,(786) 281-2724,TAMPA,FL,https://flddresources.qlarant.com/ProviderSearch/Home/GetProviderDetails/148027675618542721,False,0,False,,False,,False,,False,False,False,,FLAG_FOR_REVIEW,No valid website or FL-DD database link
7092,"ONE STOP THERAPY LLC
ONE STOP THERAPY",(786) 283-2031,MIAMI,FL,https://flddresources.qlarant.com/ProviderSearch/Home/GetProviderDetails/100044651718543251,False,0,False,,False,,False,,False,False,False,,FLAG_FOR_REVIEW,No valid website or FL-DD database link
8038,"TRINITY PHYSICAL THERAPY, INC",(786) 285-2874,CUTLER BAY,FL,https://flddresources.qlarant.com/ProviderSearch/Home/GetProviderDetails/100026546118543251,False,0,False,,False,,False,,False,False,False,,FLAG_FOR_REVIEW,No valid website or FL-DD database link
8315,WELL LIVING GROUP HOME LLC,(786) 290-1943,LAKE WORTH,FL,https://flddresources.qlarant.com/ProviderSearch/Home/GetProviderDetails/160043097118543074,False,0,False,,False,,False,,False,False,False,,FLAG_FOR_REVIEW,No valid website or FL-DD database link
7087,"OMEGA HEALTH SERVICES LLC
OMEGA CARE SERVICES",(786) 304-8483,PLANTATION,FL,https://flddresources.qlarant.com/ProviderSearch/Home/GetProviderDetails/160042251518542847,False,0,False,,False,,False,,False,False,False,,FLAG_FOR_REVIEW,No valid website or FL-DD database link
6672,"KM HOME CARE, LLC
KM HOMECARE",(786) 310-5591,HIALEAH,FL,https://flddresources.qlarant.com/ProviderSearch/Home/GetProviderDetails/172037669018543264,False,0,False,,False,,False,,False,False,False,,FLAG_FOR_REVIEW,No valid website or FL-DD database link
5469,"CAREFUL HEARTS HOME CARE AGENCY, LLC",(786) 327-4200,MIRAMAR,FL,https://flddresources.qlarant.com/ProviderSearch/Home/GetProviderDetails/160043399818542835,False,0,False,,False,,False,,False,False,False,,FLAG_FOR_REVIEW,No valid website or FL-DD database link
4950,"AOA ENTERPRISES LLC
AOA CARE & DEVELOPMENTAL COMMUNITY",(786) 327-7564,OPA LOCKA,FL,https://flddresources.qlarant.com/ProviderSearch/Home/GetProviderDetails/172036776418543186,False,0,False,,False,,False,,False,False,False,,FLAG_FOR_REVIEW,No valid website or FL-DD database link
6867,MALYS SPECIAL SUPPORT INC,(786) 338-3304,MIAMI,FL,https://flddresources.qlarant.com/ProviderSearch/Home/GetProviderDetails/172027791618543186,False,0,False,,False,,False,,False,False,False,,FLAG_FOR_REVIEW,No valid website or FL-DD database link
6050,FAMILY BEHAVIORAL SOLUTIONS LLC,(786) 362-4128,MIAMI,FL,https://flddresources.qlarant.com/ProviderSearch/Home/GetProviderDetails/172043388018543108,False,0,False,,False,,False,,False,False,False,,FLAG_FOR_REVIEW,No valid website or FL-DD database link
4969,ASSOC/ DEVELPMNT OF THE EXCEPTIONAL,(786) 363-3100,MIAMI,FL,https://flddresources.qlarant.com/ProviderSearch/Home/GetProviderDetails/172003974518543186,False,0,False,,False,,False,,False,False,False,,FLAG_FOR_REVIEW,No valid website or FL-DD database link
6886,"MELCHOR'S HUMANITY HEALTHCARE, INC.",(786) 367-8559,MIAMI,FL,https://flddresources.qlarant.com/ProviderSearch/Home/GetProviderDetails/172039935118543251,False,0,False,,False,,False,,False,False,False,,FLAG_FOR_REVIEW,No valid website or FL-DD database link
7214,"PROFESSIONAL COACHING ADVOCATES, LLC",(786) 397-9758,MIAMI,FL,https://flddresources.qlarant.com/ProviderSearch/Home/GetProviderDetails/172034463618543186,False,0,False,,False,,False,,False,False,False,,FLAG_FOR_REVIEW,No valid website or FL-DD database link
6571,JEWEL SUPPORT SERVICES,(786) 406-2562,MIAMI GARDENS,FL,https://flddresources.qlarant.com/ProviderSearch/Home/GetProviderDetails/172043845918543406,False,0,False,,False,,False,,False,False,False,,FLAG_FOR_REVIEW,No valid website or FL-DD database link
16083,Bilingual Key Therapy,(772) 672-0897,Port St. Lucie,FL,http://www.bilingualkeytherapy.com/,True,3,True,home|/services|/therapy,False,,True,home|/services,True,True,False,home|/services,KEEP_AS_ABA,"ABA verified on pages: home, /services, /therapy"
6245,"GL & ASSOCIATES THERAPY SERVICES, INC",(786) 439-7822,MIAMI,FL,https://flddresources.qlarant.com/ProviderSearch/Home/GetProviderDetails/100040438318543251,False,0,False,,False,,False,,False,False,False,,FLAG_FOR_REVIEW,No valid website or FL-DD database link
4930,"AN ANGELS VISION LLC
AN ANGELS VISION",(786) 445-6278,HIALEAH,FL,https://flddresources.qlarant.com/ProviderSearch/Home/GetProviderDetails/172039225518543406,False,0,False,,False,,False,,False,False,False,,FLAG_FOR_REVIEW,No valid website or FL-DD database link
6244,GIVE ME 5 ACADEMY INC,(786) 464-0369,MIAMI,FL,https://flddresources.qlarant.com/ProviderSearch/Home/GetProviderDetails/100043411518543251,False,0,False,,False,,False,,False,False,False,,FLAG_FOR_REVIEW,No valid website or FL-DD database link
7683,"SUNSHINE PHARMACY & SUPPLIES, INC
SUNSHINE MEDICAL",(786) 469-9654,MIAMI,FL,https://flddresources.qlarant.com/ProviderSearch/Home/GetProviderDetails/100038410918543134,False,0,False,,False,,False,,False,False,False,,FLAG_FOR_REVIEW,No valid website or FL-DD database link
7673,SUCCESS AT WORK,(786) 547-0693,HIALEAH,FL,https://flddresources.qlarant.com/ProviderSearch/Home/GetProviderDetails/172036561618543186,False,0,False,,False,,False,,False,False,False,,FLAG_FOR_REVIEW,No valid website or FL-DD database link
7191,"PHYSICAL 4 U, INC",(786) 558-7122,MIAMI LAKES,FL,https://flddresources.qlarant.com/ProviderSearch/Home/GetProviderDetails/172037406118543251,False,0,False,,False,,False,,False,False,False,,FLAG_FOR_REVIEW,No valid website or FL-DD database link
7197,PIONEER NURSING SERVICES INC,(786) 567-1623,CORAL SPRINGS,FL,https://flddresources.qlarant.com/ProviderSearch/Home/GetProviderDetails/100042506418542973,False,0,False,,False,,False,,False,False,False,,FLAG_FOR_REVIEW,No valid website or FL-DD database link
7522,RF DREAMS TRADING LLC,(786) 567-1710,MIAMI,FL,https://flddresources.qlarant.com/ProviderSearch/Home/GetProviderDetails/172043308818543251,False,0,False,,False,,False,,False,False,False,,FLAG_FOR_REVIEW,No valid website or FL-DD database link
7090,ONE OF A KIND SUPPORT LLC,(786) 715-5901,HOMESTEAD,FL,https://flddresources.qlarant.com/ProviderSearch/Home/GetProviderDetails/172037413618543406,False,0,False,,False,,False,,False,False,False,,FLAG_FOR_REVIEW,No valid website or FL-DD database link
6585,JOYFUL HEART ADULT DAY CENTER LLC,(786) 718-3546,PEMBROKE PINES,FL,https://flddresources.qlarant.com/ProviderSearch/Home/GetProviderDetails/160041668518542847,False,0,False,,False,,False,,False,False,False,,FLAG_FOR_REVIEW,No valid website or FL-DD database link
8323,"WORLDWIDE SUPPORT SERVICES, CORP.
WORLDWIDE SUPPORT SERVICES CORP",(786) 773-2433,MIAMI,FL,https://flddresources.qlarant.com/ProviderSearch/Home/GetProviderDetails/160036003018542835,False,0,False,,False,,False,,False,False,False,,FLAG_FOR_REVIEW,No valid website or FL-DD database link
7219,"PROXICARE, INC",(786) 777-8352,MIAMI,FL,https://flddresources.qlarant.com/ProviderSearch/Home/GetProviderDetails/172041678718543264,False,0,False,,False,,False,,False,False,False,,FLAG_FOR_REVIEW,No valid website or FL-DD database link
7027,"NEW LIFE SUPPORTS & SERVICES,INC",(786) 853-5386,"MIRAMAR, FLORIDA",FL,https://flddresources.qlarant.com/ProviderSearch/Home/GetProviderDetails/172039847318543186,False,0,False,,False,,False,,False,False,False,,FLAG_FOR_REVIEW,No valid website or FL-DD database link
4843,"A WORLD AHEAD, INC.",(786) 873-0460,HIALEAH,FL,https://flddresources.qlarant.com/ProviderSearch/Home/GetProviderDetails/172037734218543108,False,0,False,,False,,False,,False,False,False,,FLAG_FOR_REVIEW,No valid website or FL-DD database link
8319,WINGS OF AN ANGEL INC,(786) 985-0690,MIRAMAR,FL,https://flddresources.qlarant.com/ProviderSearch/Home/GetProviderDetails/160039466518543059,False,0,False,,False,,False,,False,False,False,,FLAG_FOR_REVIEW,No valid website or FL-DD database link
16009,Sunrise Community of Central Florida,(863) 644-6800,Lakeland,FL,https://sunrisegroup.org/,True,4,False,,False,,False,,False,False,False,,FLAG_FOR_REMOVAL,"Crawled 4 pages — no ABA, autism, or therapy found"
16016,"Restoring Hope Counseling, LLC.",(239) 351-5532,Cape Coral,FL,http://www.restoringhopetherapist.com/,True,1,False,,False,,False,,False,False,False,,FLAG_FOR_REMOVAL,"Crawled 1 pages — no ABA, autism, or therapy found"
16097,"ABA THERAPY LEADERS BEHAVIOR ABA & COUNSELING, LLC",(772) 333-4411,Port St. Lucie,FL,https://leadersabatherapy.com/,True,4,True,home|/about|/about-us|/services,False,,True,/services,False,False,False,,KEEP_AS_ABA,"ABA verified on pages: home, /about, /about-us, /services"
7647,"SMA HEALTHCARE, INC.",(800) 539-4228,DAYTONA BEACH,FL,https://flddresources.qlarant.com/ProviderSearch/Home/GetProviderDetails/124008501018541801,False,0,False,,False,,False,,False,False,False,,FLAG_FOR_REVIEW,No valid website or FL-DD database link
7028,NEWTONS HOME CARE INC,(813) 203-7460,PLANT CITY,FL,https://flddresources.qlarant.com/ProviderSearch/Home/GetProviderDetails/148036979918542495,False,0,False,,False,,False,,False,False,False,,FLAG_FOR_REVIEW,No valid website or FL-DD database link
7639,SIERRA PAUL J,(813) 228-6661,TAMPA,FL,https://flddresources.qlarant.com/ProviderSearch/Home/GetProviderDetails/100024012618542459,False,0,False,,False,,False,,False,False,False,,FLAG_FOR_REVIEW,No valid website or FL-DD database link
7667,SPOTHERAPIES LLC,(813) 230-1337,LAND O LAKES,FL,https://flddresources.qlarant.com/ProviderSearch/Home/GetProviderDetails/100041788118542562,False,0,False,,False,,False,,False,False,False,,FLAG_FOR_REVIEW,No valid website or FL-DD database link
5795,"DAVID E. MARSHALL ENTERPRISES INC
DAVID E. MARSHALL ENTERPRISES, INC",(813) 270-4814,RUSKIN,FL,https://flddresources.qlarant.com/ProviderSearch/Home/GetProviderDetails/148001713118542495,False,0,False,,False,,False,,False,False,False,,FLAG_FOR_REVIEW,No valid website or FL-DD database link
16010,Pathway to Purpose Care Services,(352) 403-9570,Spring Hill,FL,http://pathwaytopurposecareservices.com/,True,1,False,,False,,False,,False,False,False,,FLAG_FOR_REMOVAL,"Crawled 1 pages — no ABA, autism, or therapy found"
5512,CONTINUED HEALTH SERVICES,(813) 279-0984,TAMPA,FL,https://flddresources.qlarant.com/ProviderSearch/Home/GetProviderDetails/148040845218542721,False,0,False,,False,,False,,False,False,False,,FLAG_FOR_REVIEW,No valid website or FL-DD database link
4974,"AVA CARES, LLC
AVA CARES GROUP HOME",(813) 300-6177,BRANDON,FL,https://flddresources.qlarant.com/ProviderSearch/Home/GetProviderDetails/148040320518542721,False,0,False,,False,,False,,False,False,False,,FLAG_FOR_REVIEW,No valid website or FL-DD database link
5272,"BURROWES CURTIS
BURROWES HOME AND COMMUNITY BASED SERVICES, LLC",(813) 317-0143,TAMPA,FL,https://flddresources.qlarant.com/ProviderSearch/Home/GetProviderDetails/148038889918542721,False,0,False,,False,,False,,False,False,False,,FLAG_FOR_REVIEW,No valid website or FL-DD database link
6752,LIGHT OF VISION CARE SERVICE LOV LLC,(813) 317-0668,APOLLO BEACH,FL,https://flddresources.qlarant.com/ProviderSearch/Home/GetProviderDetails/148039156418542495,False,0,False,,False,,False,,False,False,False,,FLAG_FOR_REVIEW,No valid website or FL-DD database link
6763,LOVE AND LOYALTY CARE SERVICE LLC,(813) 324-0180,TAMPA,FL,https://flddresources.qlarant.com/ProviderSearch/Home/GetProviderDetails/100043518718542721,False,0,False,,False,,False,,False,False,False,,FLAG_FOR_REVIEW,No valid website or FL-DD database link
4884,"ADAPT & TRANSFORM BEHAVIOR, LLC",(813) 324-5730,ST PETERSBURG,FL,https://flddresources.qlarant.com/ProviderSearch/Home/GetProviderDetails/148043312418542405,False,0,False,,False,,False,,False,False,False,,FLAG_FOR_REVIEW,No valid website or FL-DD database link
6073,"FREEDOM HOME HEALTH SERVICES INC.
FREEDOM HOME HEALTH SERVICES",(813) 325-6727,WIMAUMA,FL,https://flddresources.qlarant.com/ProviderSearch/Home/GetProviderDetails/148036059518542495,False,0,False,,False,,False,,False,False,False,,FLAG_FOR_REVIEW,No valid website or FL-DD database link
7675,"SUN STATE TRANSPORT & TOURS
SUN STATE TRANSPORT  & TOURS",(813) 335-6446,RIVERVIEW,FL,https://flddresources.qlarant.com/ProviderSearch/Home/GetProviderDetails/100044138518542721,False,0,False,,False,,False,,False,False,False,,FLAG_FOR_REVIEW,No valid website or FL-DD database link
5559,"CORVO ODALYS
ALONDRA CARE HOME INC.",(813) 335-9506,TAMPA,FL,https://flddresources.qlarant.com/ProviderSearch/Home/GetProviderDetails/148036442518542721,False,0,False,,False,,False,,False,False,False,,FLAG_FOR_REVIEW,No valid website or FL-DD database link
4878,"ACOSTA LISETTE
ACOSTA CARE HOME INC.",(813) 340-8564,TAMPA,FL,https://flddresources.qlarant.com/ProviderSearch/Home/GetProviderDetails/148036600018542495,False,0,False,,False,,False,,False,False,False,,FLAG_FOR_REVIEW,No valid website or FL-DD database link
6759,LOCICERO JOSEPH A,(813) 348-9353,TAMPA,FL,https://flddresources.qlarant.com/ProviderSearch/Home/GetProviderDetails/148026170118542679,False,0,False,,False,,False,,False,False,False,,FLAG_FOR_REVIEW,No valid website or FL-DD database link
7091,"ONE QUEST LLC
ONE QUEST",(813) 352-5293,TAMPA,FL,https://flddresources.qlarant.com/ProviderSearch/Home/GetProviderDetails/148038846418542721,False,0,False,,False,,False,,False,False,False,,FLAG_FOR_REVIEW,No valid website or FL-DD database link
16011,Avard Law Offices,(239) 945-0808,Cape Coral,FL,https://avardlaw.com/,True,1,False,,False,,False,,False,False,False,,FLAG_FOR_REMOVAL,"Crawled 1 pages — no ABA, autism, or therapy found"
6578,"JOELE CARES, INC.",(813) 359-7008,TAMPA,FL,https://flddresources.qlarant.com/ProviderSearch/Home/GetProviderDetails/148039057218542721,False,0,False,,False,,False,,False,False,False,,FLAG_FOR_REVIEW,No valid website or FL-DD database link
8026,"TORIAS SUPPORT CARE SERVICES, INC
TORIA'S ASSISTED LIVING FACILITY II",(813) 361-9328,TAMPA,FL,https://flddresources.qlarant.com/ProviderSearch/Home/GetProviderDetails/148026935918542721,False,0,False,,False,,False,,False,False,False,,FLAG_FOR_REVIEW,No valid website or FL-DD database link
7515,REESE GROUP HOME OF TAMPA BAY INC.,(813) 369-2856,TAMPA,FL,https://flddresources.qlarant.com/ProviderSearch/Home/GetProviderDetails/148040683818542495,False,0,False,,False,,False,,False,False,False,,FLAG_FOR_REVIEW,No valid website or FL-DD database link
7035,"NORTH STAR CARE, LLC",(813) 376-6176,RIVERVIEW,FL,https://flddresources.qlarant.com/ProviderSearch/Home/GetProviderDetails/148043193418542631,False,0,False,,False,,False,,False,False,False,,FLAG_FOR_REVIEW,No valid website or FL-DD database link
4945,ANGIE'S HOME LLC,(813) 401-5356,SEFFNER,FL,https://flddresources.qlarant.com/ProviderSearch/Home/GetProviderDetails/148041571118542721,False,0,False,,False,,False,,False,False,False,,FLAG_FOR_REVIEW,No valid website or FL-DD database link
8002,THE GOLDEN HORSE TRANSPORTATION LLC,(813) 403-1353,PALM HARBOR,FL,https://flddresources.qlarant.com/ProviderSearch/Home/GetProviderDetails/100046595018542721,False,0,False,,False,,False,,False,False,False,,FLAG_FOR_REVIEW,No valid website or FL-DD database link
8005,THE JOHNSON HOUSE INC,(813) 404-3044,BRANDON,FL,https://flddresources.qlarant.com/ProviderSearch/Home/GetProviderDetails/148027458918542721,False,0,False,,False,,False,,False,False,False,,FLAG_FOR_REVIEW,No valid website or FL-DD database link
5561,CREATIVE GROWTH GROUP INC,(813) 408-1520,NEW PORT RICHEY,FL,https://flddresources.qlarant.com/ProviderSearch/Home/GetProviderDetails/148039572018542721,False,0,False,,False,,False,,False,False,False,,FLAG_FOR_REVIEW,No valid website or FL-DD database link
7025,"NEW HORIZON SUPPORT SERVICES INC
NEW HORIZON SUPPORT SERVICES",(813) 412-9377,RIVERVIEW,FL,https://flddresources.qlarant.com/ProviderSearch/Home/GetProviderDetails/148041344318542721,False,0,False,,False,,False,,False,False,False,,FLAG_FOR_REVIEW,No valid website or FL-DD database link
6067,FLOW SUPPORT,(813) 417-9241,LAND O LAKES,FL,https://flddresources.qlarant.com/ProviderSearch/Home/GetProviderDetails/148038308518542479,False,0,False,,False,,False,,False,False,False,,FLAG_FOR_REVIEW,No valid website or FL-DD database link
6642,"K2 ESCAPE, INC.",(813) 440-7815,BRANDON,FL,https://flddresources.qlarant.com/ProviderSearch/Home/GetProviderDetails/148037902718542495,False,0,False,,False,,False,,False,False,False,,FLAG_FOR_REVIEW,No valid website or FL-DD database link
6069,"FOCUS FORWARD INC
FOCUS FORWARD",(813) 443-5558,TEMPLE TERRACE,FL,https://flddresources.qlarant.com/ProviderSearch/Home/GetProviderDetails/148041276618542495,False,0,False,,False,,False,,False,False,False,,FLAG_FOR_REVIEW,No valid website or FL-DD database link
6371,HOME HEALTH HUB & TRANSPORT LLC,(813) 445-0224,TAMPA,FL,https://flddresources.qlarant.com/ProviderSearch/Home/GetProviderDetails/100044763218542721,False,0,False,,False,,False,,False,False,False,,FLAG_FOR_REVIEW,No valid website or FL-DD database link
4923,AMER HOME CARE INC.,(813) 446-3619,CLEARWATER,FL,https://flddresources.qlarant.com/ProviderSearch/Home/GetProviderDetails/148023601318542631,False,0,False,,False,,False,,False,False,False,,FLAG_FOR_REVIEW,No valid website or FL-DD database link
7620,"SANTA MARIA HOME CARE, INC",(813) 447-8985,TAMPA,FL,https://flddresources.qlarant.com/ProviderSearch/Home/GetProviderDetails/148028037418542495,False,0,False,,False,,False,,False,False,False,,FLAG_FOR_REVIEW,No valid website or FL-DD database link
4880,"ACS SUNCOAST, INC.",(813) 449-1458,TAMPA,FL,https://flddresources.qlarant.com/ProviderSearch/Home/GetProviderDetails/148002949518542479,False,0,False,,False,,False,,False,False,False,,FLAG_FOR_REVIEW,No valid website or FL-DD database link
4964,ASG SUPPORT SERVICES INC,(813) 453-6002,PALM HARBOR,FL,https://flddresources.qlarant.com/ProviderSearch/Home/GetProviderDetails/148035570518542479,False,0,False,,False,,False,,False,False,False,,FLAG_FOR_REVIEW,No valid website or FL-DD database link
16119,Empower Development Therapy Center,(305) 333-3125,Weston,FL,https://empowerdevelopmenttherapycenter.com/location,True,1,False,,False,,False,,False,True,False,home,KEEP_RECATEGORIZE_THERAPY,Pediatric therapy found: OT
16216,Growing Together Behavioral Center,(904) 379-6045,Jacksonville,FL,https://gtbjax.org/,True,0,False,,False,,False,,False,False,False,,FLAG_WEBSITE_DOWN,Website could not be crawled (down or blocked)
16012,"Claudia L. Martinez, Occupational",(863) 648-0675,Lakeland,FL,,False,0,False,,False,,False,,False,False,False,,FLAG_FOR_REVIEW,No valid website or FL-DD database link
7180,PAVILIS TRANSPORTATION LLC,(813) 458-2859,TAMPA,FL,https://flddresources.qlarant.com/ProviderSearch/Home/GetProviderDetails/148037518518542495,False,0,False,,False,,False,,False,False,False,,FLAG_FOR_REVIEW,No valid website or FL-DD database link
4822,"5 STAR CARES, INC",(813) 458-7553,LUTZ,FL,https://flddresources.qlarant.com/ProviderSearch/Home/GetProviderDetails/148040449318542631,False,0,False,,False,,False,,False,False,False,,FLAG_FOR_REVIEW,No valid website or FL-DD database link
6882,MEDISUPPORT SERVICES LLC,(813) 461-1624,TAMPA,FL,https://flddresources.qlarant.com/ProviderSearch/Home/GetProviderDetails/136041091718542370,False,0,False,,False,,False,,False,False,False,,FLAG_FOR_REVIEW,No valid website or FL-DD database link
5802,DESTINY QUALITY CARE,(813) 464-0828,GIBSONTON,FL,https://flddresources.qlarant.com/ProviderSearch/Home/GetProviderDetails/148038541018542495,False,0,False,,False,,False,,False,False,False,,FLAG_FOR_REVIEW,No valid website or FL-DD database link
4942,"ANGELS UNIQUE, LLC",(813) 469-1822,DADE CITY,FL,https://flddresources.qlarant.com/ProviderSearch/Home/GetProviderDetails/148025311518542479,False,0,False,,False,,False,,False,False,False,,FLAG_FOR_REVIEW,No valid website or FL-DD database link
6738,"LEARNING YOUR FUNCTION INC
JIM CRACCHIOLO, AMY THOMPSON",(813) 469-2455,LAND O LAKES,FL,https://flddresources.qlarant.com/ProviderSearch/Home/GetProviderDetails/148034633118542495,False,0,False,,False,,False,,False,False,False,,FLAG_FOR_REVIEW,No valid website or FL-DD database link
6891,MIAS COMPASSIONATE CARE LLC,(813) 484-9300,TAMPA,FL,https://flddresources.qlarant.com/ProviderSearch/Home/GetProviderDetails/148040619518542495,False,0,False,,False,,False,,False,False,False,,FLAG_FOR_REVIEW,No valid website or FL-DD database link
5474,CARRIE'S CARE FAMILY HOME INC.,(813) 488-7217,TAMPA,FL,https://flddresources.qlarant.com/ProviderSearch/Home/GetProviderDetails/148040369118542721,False,0,False,,False,,False,,False,False,False,,FLAG_FOR_REVIEW,No valid website or FL-DD database link
6761,LOPEZ CAREGIVING SERVICES LCS,(813) 501-2156,TAMPA,FL,https://flddresources.qlarant.com/ProviderSearch/Home/GetProviderDetails/148041363018542479,False,0,False,,False,,False,,False,False,False,,FLAG_FOR_REVIEW,No valid website or FL-DD database link
5501,"COMMUNITY BEHAVIOR SUPPORTS, INC.",(813) 505-4675,KENNETH CITY,FL,https://flddresources.qlarant.com/ProviderSearch/Home/GetProviderDetails/148039262618542495,False,0,False,,False,,False,,False,False,False,,FLAG_FOR_REVIEW,No valid website or FL-DD database link
5460,"CANNEDY, RAINA
RAIN OF LOVE LLC",(813) 506-2057,NEW PORT RICHEY,FL,https://flddresources.qlarant.com/ProviderSearch/Home/GetProviderDetails/148041279018542721,False,0,False,,False,,False,,False,False,False,,FLAG_FOR_REVIEW,No valid website or FL-DD database link
6888,MERCED CARE HOME LLC,(813) 516-4399,TAMPA,FL,https://flddresources.qlarant.com/ProviderSearch/Home/GetProviderDetails/148037249818542721,False,0,False,,False,,False,,False,False,False,,FLAG_FOR_REVIEW,No valid website or FL-DD database link
5946,EVERYTHING PEACHIE LLC,(813) 516-5338,TAMPA,FL,https://flddresources.qlarant.com/ProviderSearch/Home/GetProviderDetails/148040924618542495,False,0,False,,False,,False,,False,False,False,,FLAG_FOR_REVIEW,No valid website or FL-DD database link
7615,"S&A BEAU2FUL BLESSINGS GROUP HOME, LLC",(813) 519-7804,CLEARWATER,FL,https://flddresources.qlarant.com/ProviderSearch/Home/GetProviderDetails/148043309918542721,False,0,False,,False,,False,,False,False,False,,FLAG_FOR_REVIEW,No valid website or FL-DD database link
4891,ADVANCED GROUP HOME INC,(813) 545-1188,TAMPA,FL,https://flddresources.qlarant.com/ProviderSearch/Home/GetProviderDetails/148038934218542721,False,0,False,,False,,False,,False,False,False,,FLAG_FOR_REVIEW,No valid website or FL-DD database link
5792,"DAMARIS CARE, INC.",(813) 545-3351,LUTZ,FL,https://flddresources.qlarant.com/ProviderSearch/Home/GetProviderDetails/148035867018542721,False,0,False,,False,,False,,False,False,False,,FLAG_FOR_REVIEW,No valid website or FL-DD database link
7185,"PERSON TO PERSON CARE CENTER, LLC",(813) 545-7779,APOLLO BEACH,FL,https://flddresources.qlarant.com/ProviderSearch/Home/GetProviderDetails/148037772418542721,False,0,False,,False,,False,,False,False,False,,FLAG_FOR_REVIEW,No valid website or FL-DD database link
7506,RADIANT DEVELOPMENT CENTER,(813) 546-0891,OKEECHOBEE,FL,https://flddresources.qlarant.com/ProviderSearch/Home/GetProviderDetails/148002160918542721,False,0,False,,False,,False,,False,False,False,,FLAG_FOR_REVIEW,No valid website or FL-DD database link
7632,SHELBEA HOUSTON LLC,(813) 546-7359,PLANT CITY,FL,https://flddresources.qlarant.com/ProviderSearch/Home/GetProviderDetails/148036870718542479,False,0,False,,False,,False,,False,False,False,,FLAG_FOR_REVIEW,No valid website or FL-DD database link
5263,"BROCKINGTON SUZETTE L
SUZIE Q'S HOME CARE LLC.",(813) 562-4565,ZEPHYRHILLS,FL,https://flddresources.qlarant.com/ProviderSearch/Home/GetProviderDetails/112036250818541689,False,0,False,,False,,False,,False,False,False,,FLAG_FOR_REVIEW,No valid website or FL-DD database link
7026,"NEW HORIZONS GROUP HOMES, INC.
NEW HORIZONS GROUP HOME",(813) 571-2690,BRANDON,FL,https://flddresources.qlarant.com/ProviderSearch/Home/GetProviderDetails/148025308518542721,False,0,False,,False,,False,,False,False,False,,FLAG_FOR_REVIEW,No valid website or FL-DD database link
16013,The Victory Center for Autism & Related Disabilities,(305) 466-1142,Miami,FL,http://www.thevictoryschool.org/,True,3,True,/about|/programs,False,,True,/about|/programs,False,False,False,,KEEP_AS_ABA,"ABA verified on pages: /about, /programs"
7644,SISTERS HOME CARE SERVICES INC,(813) 571-5953,VALRICO,FL,https://flddresources.qlarant.com/ProviderSearch/Home/GetProviderDetails/148026686918542721,False,0,False,,False,,False,,False,False,False,,FLAG_FOR_REVIEW,No valid website or FL-DD database link
6086,FUTURE LEADERS INC,(813) 585-3019,SARASOTA,FL,https://flddresources.qlarant.com/ProviderSearch/Home/GetProviderDetails/148043322118542495,False,0,False,,False,,False,,False,False,False,,FLAG_FOR_REVIEW,No valid website or FL-DD database link
5479,CELESTAL CARE LLC,(813) 585-5845,BRANDON,FL,https://flddresources.qlarant.com/ProviderSearch/Home/GetProviderDetails/148043525118542721,False,0,False,,False,,False,,False,False,False,,FLAG_FOR_REVIEW,No valid website or FL-DD database link
5926,ELITE ASSITED CARE SERVICES CORP,(813) 598-5123,TAMPA,FL,https://flddresources.qlarant.com/ProviderSearch/Home/GetProviderDetails/100044071418542721,False,0,False,,False,,False,,False,False,False,,FLAG_FOR_REVIEW,No valid website or FL-DD database link
4951,"APOLLO HEALTH GROUP LLC
APOLLO HEALTH GROUP",(813) 600-8272,SPRING HILL,FL,https://flddresources.qlarant.com/ProviderSearch/Home/GetProviderDetails/148042873518542479,False,0,False,,False,,False,,False,False,False,,FLAG_FOR_REVIEW,No valid website or FL-DD database link
7525,RIDGE MANOR LLC,(813) 606-0667,VALRICO,FL,https://flddresources.qlarant.com/ProviderSearch/Home/GetProviderDetails/100046590518542631,False,0,False,,False,,False,,False,False,False,,FLAG_FOR_REVIEW,No valid website or FL-DD database link
4830,A GUARDIANS HOPE INC,(813) 610-8687,TAMPA,FL,https://flddresources.qlarant.com/ProviderSearch/Home/GetProviderDetails/148002982618542721,False,0,False,,False,,False,,False,False,False,,FLAG_FOR_REVIEW,No valid website or FL-DD database link
6736,LE HOANG C,(813) 631-9311,WESLEY CHAPEL,FL,https://flddresources.qlarant.com/ProviderSearch/Home/GetProviderDetails/100030526818542562,False,0,False,,False,,False,,False,False,False,,FLAG_FOR_REVIEW,No valid website or FL-DD database link
5270,"BURKE MARTARSHIA
MARTARSHIA BURKE",(813) 638-2320,TAMPA,FL,https://flddresources.qlarant.com/ProviderSearch/Home/GetProviderDetails/100037978218542721,False,0,False,,False,,False,,False,False,False,,FLAG_FOR_REVIEW,No valid website or FL-DD database link
5269,BURKE CARLOS A,(813) 650-7593,TAMPA,FL,https://flddresources.qlarant.com/ProviderSearch/Home/GetProviderDetails/100044085718542721,False,0,False,,False,,False,,False,False,False,,FLAG_FOR_REVIEW,No valid website or FL-DD database link
5227,"BAY AREA DIRECT CLIENT CARE LLC
DESHAE MARTIN",(813) 679-5122,BRANDON,FL,https://flddresources.qlarant.com/ProviderSearch/Home/GetProviderDetails/148039447018542631,False,0,False,,False,,False,,False,False,False,,FLAG_FOR_REVIEW,No valid website or FL-DD database link
6875,MCCALL CARES COMPANIONSHIP LLC,(813) 683-1709,TAMPA,FL,https://flddresources.qlarant.com/ProviderSearch/Home/GetProviderDetails/160043406918543059,False,0,False,,False,,False,,False,False,False,,FLAG_FOR_REVIEW,No valid website or FL-DD database link
5251,"BRANDON SPORTS AND AQUATICS CENTER, INC.
HIGH 5, INC.",(813) 689-0908,BRANDON,FL,https://flddresources.qlarant.com/ProviderSearch/Home/GetProviderDetails/100046286018542495,False,0,False,,False,,False,,False,False,False,,FLAG_FOR_REVIEW,No valid website or FL-DD database link
6368,"HITCHMAN KATRINA
TRUSTY TRANSPORTATION LLC",(813) 690-9595,TAMPA,FL,https://flddresources.qlarant.com/ProviderSearch/Home/GetProviderDetails/100039865218542721,False,0,False,,False,,False,,False,False,False,,FLAG_FOR_REVIEW,No valid website or FL-DD database link
6494,"IMPACT'S TRANSITIONAL LIFE-SKILL CENTER, INC.",(813) 693-5101,BRANDON,FL,https://flddresources.qlarant.com/ProviderSearch/Home/GetProviderDetails/148042563818542495,False,0,False,,False,,False,,False,False,False,,FLAG_FOR_REVIEW,No valid website or FL-DD database link
6250,GLORY TO GLORY SUPPORT SERVICES,(813) 704-1092,TAMPA,FL,https://flddresources.qlarant.com/ProviderSearch/Home/GetProviderDetails/148036562218542721,False,0,False,,False,,False,,False,False,False,,FLAG_FOR_REVIEW,No valid website or FL-DD database link
6584,JOY HOUSE,(813) 732-6142,RIVERVIEW,FL,https://flddresources.qlarant.com/ProviderSearch/Home/GetProviderDetails/148041565718542631,False,0,False,,False,,False,,False,False,False,,FLAG_FOR_REVIEW,No valid website or FL-DD database link
8241,UNDERSTANDING BEHAVIOR FOCUS CENTER,(813) 735-8176,DADE CITY,FL,https://flddresources.qlarant.com/ProviderSearch/Home/GetProviderDetails/148000595118542721,False,0,False,,False,,False,,False,False,False,,FLAG_FOR_REVIEW,No valid website or FL-DD database link
4931,ANCHORED BEHAVIOR SOLUTIONS LLC,(813) 748-2477,RIVERVIEW,FL,https://flddresources.qlarant.com/ProviderSearch/Home/GetProviderDetails/148042519718542405,False,0,False,,False,,False,,False,False,False,,FLAG_FOR_REVIEW,No valid website or FL-DD database link
7095,"OPEN HANDS, HELPING HEARTS LLC",(813) 750-9290,TAMPA,FL,https://flddresources.qlarant.com/ProviderSearch/Home/GetProviderDetails/148043167518542479,False,0,False,,False,,False,,False,False,False,,FLAG_FOR_REVIEW,No valid website or FL-DD database link
6381,HUNGER & ASSOCIATES INC,(813) 752-0966,PLANT CITY,FL,https://flddresources.qlarant.com/ProviderSearch/Home/GetProviderDetails/148026472318542721,False,0,False,,False,,False,,False,False,False,,FLAG_FOR_REVIEW,No valid website or FL-DD database link
5260,BRIGHTER DAYS CARING HANDS LLC,(813) 764-5733,PORT RICHEY,FL,https://flddresources.qlarant.com/ProviderSearch/Home/GetProviderDetails/148044002518542721,False,0,False,,False,,False,,False,False,False,,FLAG_FOR_REVIEW,No valid website or FL-DD database link
6495,"IMPERIAL CONNECTIONS SUPPORT PROGRAMS, LLC",(813) 766-4019,TEMPLE TERRACE,FL,https://flddresources.qlarant.com/ProviderSearch/Home/GetProviderDetails/148038533618542479,False,0,False,,False,,False,,False,False,False,,FLAG_FOR_REVIEW,No valid website or FL-DD database link
6884,"MELBA LEE, INC",(813) 770-0312,TAMPA,FL,https://flddresources.qlarant.com/ProviderSearch/Home/GetProviderDetails/148027508818542495,False,0,False,,False,,False,,False,False,False,,FLAG_FOR_REVIEW,No valid website or FL-DD database link
6669,KING OF KINGS CONSULTING LLC,(813) 770-5665,PLANT CITY,FL,https://flddresources.qlarant.com/ProviderSearch/Home/GetProviderDetails/148041135918542495,False,0,False,,False,,False,,False,False,False,,FLAG_FOR_REVIEW,No valid website or FL-DD database link
6873,"MAXM SERVICES, INC.
COMFORT ZONE SERVICES",(813) 777-1869,TAMPA,FL,https://flddresources.qlarant.com/ProviderSearch/Home/GetProviderDetails/100025098818542721,False,0,False,,False,,False,,False,False,False,,FLAG_FOR_REVIEW,No valid website or FL-DD database link
6575,"JLEON'S ANGELS
JLEON'S ANGELS",(813) 784-1318,TAMPA,FL,https://flddresources.qlarant.com/ProviderSearch/Home/GetProviderDetails/148038833218542495,False,0,False,,False,,False,,False,False,False,,FLAG_FOR_REVIEW,No valid website or FL-DD database link
6756,LITE HOME SOLUTIONS LLC,(813) 784-9926,RIVERVIEW,FL,https://flddresources.qlarant.com/ProviderSearch/Home/GetProviderDetails/148041295218542721,False,0,False,,False,,False,,False,False,False,,FLAG_FOR_REVIEW,No valid website or FL-DD database link
7982,TAMPA BAY COMMUNITY SERVICES INC,(813) 802-7451,RUSKIN,FL,https://flddresources.qlarant.com/ProviderSearch/Home/GetProviderDetails/100043923518542721,False,0,False,,False,,False,,False,False,False,,FLAG_FOR_REVIEW,No valid website or FL-DD database link
16222,AutismABATherapy,(888) 872-0459,Fort Myers,FL,https://autismabatherapy.com/,True,3,True,home|/about|/about-us,False,,True,home|/about|/about-us,False,False,False,,KEEP_AS_ABA,"ABA verified on pages: home, /about, /about-us"
16014,Breakthrough Pediatric Speech-Language & Occupational Therapy Services - ASD Clinic Davie,(954) 474-8048,Davie,FL,https://www.breakthroughtherapyservices.com/,True,3,False,,True,home|/about|/therapy,True,home|/about|/therapy,True,True,False,home|/about|/therapy,KEEP_RECATEGORIZE_BEHAVIOR_ANALYSIS,"Behavior Analysis found (non-ABA): home, /about, /therapy"
16015,"ABA Alliance Therapy, Orlando - Clinic, Home, School, Community",(321) 247-5165,Orlando,FL,http://www.therapyabaalliance.com/,True,10,False,,False,,False,,False,False,False,,FLAG_FOR_REMOVAL,"Crawled 10 pages — no ABA, autism, or therapy found"
16914,Behavior Analysis Inc,(954) 577-7790,Davie,FL,https://www.behavior-analysis.org/,True,10,True,home|/about|/about-us|/aboutus|/services|/our-services|/what-we-do|/programs|/therapy|/treatments,False,,True,home|/about|/about-us|/aboutus|/services|/our-services|/what-we-do|/programs|/therapy|/treatments,False,False,False,,KEEP_AS_ABA,"ABA verified on pages: home, /about, /about-us, /aboutus, /services, /our-services, /what-we-do, /programs, /therapy, /treatments"
6582,JOSEPHS CAROL,(813) 810-6257,VALRICO,FL,https://flddresources.qlarant.com/ProviderSearch/Home/GetProviderDetails/148024967118542495,False,0,False,,False,,False,,False,False,False,,FLAG_FOR_REVIEW,No valid website or FL-DD database link
4922,"AMCAF GROUP HOME, LLC",(813) 810-8524,CLEARWATER,FL,https://flddresources.qlarant.com/ProviderSearch/Home/GetProviderDetails/148027260318542495,False,0,False,,False,,False,,False,False,False,,FLAG_FOR_REVIEW,No valid website or FL-DD database link
5785,"D-TEC DEVELOPING THROUGH ENRICHED CURRICULUM, INC",(813) 817-8938,PINELLAS PARK,FL,https://flddresources.qlarant.com/ProviderSearch/Home/GetProviderDetails/148035183018542495,False,0,False,,False,,False,,False,False,False,,FLAG_FOR_REVIEW,No valid website or FL-DD database link
4829,A FOUNTAIN OF YOUTH HOME CARE,(813) 820-8328,RUSKIN,FL,https://flddresources.qlarant.com/ProviderSearch/Home/GetProviderDetails/148044310118542479,False,0,False,,False,,False,,False,False,False,,FLAG_FOR_REVIEW,No valid website or FL-DD database link
4948,"ANNILETY CARE HOME, INC.",(813) 833-3034,TAMPA,FL,https://flddresources.qlarant.com/ProviderSearch/Home/GetProviderDetails/148041501818542721,False,0,False,,False,,False,,False,False,False,,FLAG_FOR_REVIEW,No valid website or FL-DD database link
4893,ADVANCED LIVING LLC,(813) 846-5750,TAMPA,FL,https://flddresources.qlarant.com/ProviderSearch/Home/GetProviderDetails/100044843818542721,False,0,False,,False,,False,,False,False,False,,FLAG_FOR_REVIEW,No valid website or FL-DD database link
5239,"BETTER LIVING SUPPORT SOLUTIONS, INC.",(813) 857-6430,RUSKIN,FL,https://flddresources.qlarant.com/ProviderSearch/Home/GetProviderDetails/100027323318542721,False,0,False,,False,,False,,False,False,False,,FLAG_FOR_REVIEW,No valid website or FL-DD database link
